"user_supplied_name","matched_name","family","symmetry"
"Acanthus spinosus","Acanthus spinosus","Acanthaceae","zygomorphic"
"Avicennia germinans","Avicennia germinans","Acanthaceae","actinomorphic"
"Blechum pyramidatum","Blechum pyramidatum","Acanthaceae","actinomorphic"
"Justicia brasiliana","Justicia brasiliana","Acanthaceae","zygomorphic"
"Justicia carnea","Justicia carnea","Acanthaceae","zygomorphic"
"Justicia galapagana","Justicia galapagana","Acanthaceae","zygomorphic"
"Justicia procumbens","Justicia procumbens","Acanthaceae","zygomorphic"
"Justicia sp2 M_PL_063","Justicia","Acanthaceae","zygomorphic"
"Mendoncia sp1 M_PL_066","Mendoncia","Acanthaceae","zygomorphic"
"Mendoncia velloziana","Mendoncia velloziana","Acanthaceae","zygomorphic"
"Odontonema nitidum","Odontonema nitidum","Acanthaceae","zygomorphic"
"Ruellia asperula","Ruellia asperula","Acanthaceae","zygomorphic"
"Ruellia brevifolia","Ruellia brevifolia","Acanthaceae","zygomorphic"
"Ruellia ciliosa","Ruellia ciliosa","Acanthaceae","zygomorphic"
"Ruellia strepens","Ruellia strepens","Acanthaceae","zygomorphic"
"Ruellia subsessilis","Ruellia subsessilis","Acanthaceae","zygomorphic"
"Tetramerium nervosum","Tetramerium nervosum","Acanthaceae","zygomorphic"
"Thunbergia fragrans","Thunbergia fragrans","Acanthaceae","zygomorphic"
"Orchis spectabilis","Orchis spectabilis","Accipitridae","zygomorphic"
"Erythrospermum monticolum","Erythrospermum monticolum","Achariaceae","actinomorphic"
"Actinidia arguta","Actinidia arguta","Actinidiaceae","actinomorphic"
"Actinidia rufa","Actinidia rufa","Actinidiaceae","actinomorphic"
"Sambucus canadensis","Sambucus canadensis","Adoxaceae","actinomorphic"
"Sambucus racemosa","Sambucus racemosa","Adoxaceae","actinomorphic"
"Viburnum dilatatum","Viburnum dilatatum","Adoxaceae","actinomorphic"
"Viburnum erosum","Viburnum erosum","Adoxaceae","actinomorphic"
"Viburnum furcatum","Viburnum furcatum","Adoxaceae","actinomorphic"
"Viburnum opulus","Viburnum opulus","Adoxaceae","actinomorphic"
"Viburnum plicatum","Viburnum plicatum","Adoxaceae","actinomorphic"
"Viburnum prunifolium","Viburnum prunifolium","Adoxaceae","actinomorphic"
"Viburnum suspensum","Viburnum suspensum","Adoxaceae","actinomorphic"
"Carpobrotus sp1 M_PL_058","Carpobrotus","Aizoaceae","actinomorphic"
"Sesuvium portulacastrum","Sesuvium portulacastrum","Aizoaceae","actinomorphic"
"Alisma canaliculatum","Alisma canaliculatum","Alismataceae","actinomorphic"
"Alisma plantago aquatica","Alisma plantago","Alismataceae","actinomorphic"
"Sagittaria latifolia","Sagittaria latifolia","Alismataceae","actinomorphic"
"Sagittaria trifolia","Sagittaria trifolia","Alismataceae","actinomorphic"
"Alstroemeria aurea","Alstroemeria aurea","Alstroemeriaceae","actinomorphic"
"Alstroemeria inodora","Alstroemeria inodora","Alstroemeriaceae","actinomorphic"
"Alstroemeria pallida","Alstroemeria pallida","Alstroemeriaceae","actinomorphic"
"Bomarea edulis","Bomarea edulis","Alstroemeriaceae","actinomorphic"
"Bomarea linifolia","Bomarea linifolia","Alstroemeriaceae","actinomorphic"
"Bomarea sp1 M_PL_068","Bomarea","Alstroemeriaceae","actinomorphic"
"Luzuriaga polyphylla","Luzuriaga polyphylla","Alstroemeriaceae","actinomorphic"
"Luzuriaga radicans","Luzuriaga radicans","Alstroemeriaceae","actinomorphic"
"Achyranthes bidentata","Achyranthes bidentata","Amaranthaceae","actinomorphic"
"Alternanthera ficoidea","Alternanthera ficoidea","Amaranthaceae","actinomorphic"
"Amaranthus spinosus","Amaranthus spinosus","Amaranthaceae","actinomorphic"
"Gomphrena perennis","Gomphrena perennis","Amaranthaceae","actinomorphic"
"Philoxerus vermicularis","Philoxerus vermicularis","Amaranthaceae","actinomorphic"
"Alium grayi","Allium grayi","Amaryllidaceae","actinomorphic"
"Allium ampeloprasum","Allium ampeloprasum","Amaryllidaceae","actinomorphic"
"Allium neapolitanum","Allium neapolitanum","Amaryllidaceae","actinomorphic"
"Allium scorodoprasum","Allium scorodoprasum","Amaryllidaceae","actinomorphic"
"Allium subhirsutum","Allium subhirsutum","Amaryllidaceae","actinomorphic"
"Allium thunbergii","Allium thunbergii","Amaryllidaceae","actinomorphic"
"Habranthus gracilifolius","Habranthus gracilifolius","Amaryllidaceae","actinomorphic"
"Hippeastrum aulicum","Hippeastrum aulicum","Amaryllidaceae","actinomorphic"
"Hippeastrum uni","Hippeastrum","Amaryllidaceae","actinomorphic"
"Leucocoryne ixioides","Leucocoryne ixioides","Amaryllidaceae","actinomorphic"
"Leucocoryne pauciflora","Leucocoryne pauciflora","Amaryllidaceae","actinomorphic"
"Nothoscordum bivalve","Nothoscordum bivalve","Amaryllidaceae","actinomorphic"
"Rhodophiala montana","Rhodophiala montana","Amaryllidaceae","actinomorphic"
"Sternbergia lutea","Sternbergia lutea","Amaryllidaceae","actinomorphic"
"Tristagma bivalve","Tristagma bivalve","Amaryllidaceae","actinomorphic"
"Tristagma sessile","Tristagma sessile","Amaryllidaceae","actinomorphic"
"Rhus copallina","Rhus copallina","Anacardiaceae","actinomorphic"
"Rhus glabra","Rhus glabra","Anacardiaceae","actinomorphic"
"Rhus sylvestris","Rhus sylvestris","Anacardiaceae","actinomorphic"
"Rhus toxicodendron","Rhus toxicodendron","Anacardiaceae","actinomorphic"
"Rhus trichocarpa","Rhus trichocarpa","Anacardiaceae","actinomorphic"
"Xylopia lamarckii","Xylopia lamarckii","Annonaceae","actinomorphic"
"Aphloia theiformis","Aphloia theiformis","Aphloiaceae","actinomorphic"
"Aciphylla glacialis","Aciphylla glacialis","Apiaceae","actinomorphic"
"Aciphylla simplicifolia","Aciphylla simplicifolia","Apiaceae","actinomorphic"
"Aciphylla subflavellata","Aciphylla subflabellata","Apiaceae","actinomorphic"
"Aegopodium podagraria","Aegopodium podagraria","Apiaceae","actinomorphic"
"Aethusa cynapium","Aethusa cynapium","Apiaceae","actinomorphic"
"Anethum graveolens","Anethum graveolens","Apiaceae","actinomorphic"
"Angelica archangelica","Angelica archangelica","Apiaceae","actinomorphic"
"Angelica cartilagino-marginata","Angelica cartilagino-marginata","Apiaceae","actinomorphic"
"Angelica polymorpha","Angelica polymorpha","Apiaceae","actinomorphic"
"Angelica pubescens","Angelica pubescens","Apiaceae","actinomorphic"
"Angelica sylvestris","Angelica sylvestris","Apiaceae","actinomorphic"
"Anisotome aromatica","Anisotome aromatica","Apiaceae","actinomorphic"
"Anisotome flexuosus","Anisotome flexuosa","Apiaceae","actinomorphic"
"Anthriscus aemula","Anthriscus aemula","Apiaceae","actinomorphic"
"Anthriscus sylvestris","Anthriscus sylvestris","Apiaceae","actinomorphic"
"Azorella madreporica","Azorella madreporica","Apiaceae","actinomorphic"
"Azorella monantha","Azorella monantha","Apiaceae","actinomorphic"
"Bowlesia tropaeolifolia","Bowlesia tropaeolifolia","Apiaceae","actinomorphic"
"Chaerophyllum procumbens","Chaerophyllum procumbens","Apiaceae","actinomorphic"
"Chaerophyllum temulentum","Chaerophyllum temulentum","Apiaceae","actinomorphic"
"Cicuta maculata","Cicuta maculata","Apiaceae","actinomorphic"
"Crithmum maritimum","Crithmum maritimum","Apiaceae","actinomorphic"
"Cryptotaenia canadensis","Cryptotaenia canadensis","Apiaceae","actinomorphic"
"Cryptotaenia japonica","Cryptotaenia japonica","Apiaceae","actinomorphic"
"Daucus carota","Daucus carota","Apiaceae","actinomorphic"
"Daucus guttatus","Daucus guttatus","Apiaceae","actinomorphic"
"Erigenia bulbosa","Erigenia bulbosa","Apiaceae","actinomorphic"
"Eryngium campestre","Eryngium campestre","Apiaceae","actinomorphic"
"Eryngium floribundum","Eryngium floribundum","Apiaceae","actinomorphic"
"Eryngium horridum","Eryngium horridum","Apiaceae","actinomorphic"
"Eryngium nudicaule","Eryngium nudicaule","Apiaceae","actinomorphic"
"Eryngium yuccifolium","Eryngium yuccifolium","Apiaceae","actinomorphic"
"Foeniculum vulgare","Foeniculum vulgare","Apiaceae","actinomorphic"
"Heracleum lanatum","Heracleum lanatum","Apiaceae","actinomorphic"
"Laretia acaulis","Laretia acaulis","Apiaceae","actinomorphic"
"Libanotis coreana","Libanotis coreana","Apiaceae","actinomorphic"
"Mulinum spinosum","Mulinum spinosum","Apiaceae","actinomorphic"
"Oenanthe javanica","Oenanthe javanica","Apiaceae","actinomorphic"
"Oxypolis rigidior","Oxypolis rigidior","Apiaceae","actinomorphic"
"Pastinaca sativa","Pastinaca sativa","Apiaceae","actinomorphic"
"Peucedanum joponicum","Peucedanum japonicum","Apiaceae","actinomorphic"
"Pimpinella major","Pimpinella major","Apiaceae","actinomorphic"
"Polytaenia nuttallii","Polytaenia nuttallii","Apiaceae","actinomorphic"
"Pozoa coriacea","Pozoa coriacea","Apiaceae","actinomorphic"
"Sanicula canadensis","Sanicula canadensis","Apiaceae","actinomorphic"
"Sanicula graveolens","Sanicula graveolens","Apiaceae","actinomorphic"
"Sanicula marilandica","Sanicula marilandica","Apiaceae","actinomorphic"
"Scandix australis","Scandix australis","Apiaceae","actinomorphic"
"Scandix pecten-veneris","Scandix pecten-veneris","Apiaceae","actinomorphic"
"Spuriopimpinella nikoensis","Spuriopimpinella nikoensis","Apiaceae","actinomorphic"
"Taenidia integerrima","Taenidia integerrima","Apiaceae","actinomorphic"
"Thapsia garganica","Thapsia garganica","Apiaceae","actinomorphic"
"Tordylium apulum","Tordylium apulum","Apiaceae","actinomorphic"
"Torilis japonica","Torilis japonica","Apiaceae","actinomorphic"
"Zizia aurea","Zizia aurea","Apiaceae","actinomorphic"
"Allamanda blanchetii","Allamanda blanchetii","Apocynaceae","actinomorphic"
"Alstonia macrophylla","Alstonia macrophylla","Apocynaceae","actinomorphic"
"Apocynum androsaemifolium","Apocynum androsaemifolium","Apocynaceae","actinomorphic"
"Apocynum cannabinum","Apocynum cannabinum","Apocynaceae","actinomorphic"
"Asclepias cucullata","Asclepias cucullata","Apocynaceae","actinomorphic"
"Asclepias halli","Asclepias hallii","Apocynaceae","actinomorphic"
"Asclepias incarnata","Asclepias incarnata","Apocynaceae","actinomorphic"
"Asclepias purpurascens","Asclepias purpurascens","Apocynaceae","actinomorphic"
"Asclepias speciosa","Asclepias speciosa","Apocynaceae","actinomorphic"
"Asclepias sullivantii","Asclepias sullivantii","Apocynaceae","actinomorphic"
"Asclepias syriaca","Asclepias syriaca","Apocynaceae","actinomorphic"
"Asclepias tuberosa","Asclepias tuberosa","Apocynaceae","actinomorphic"
"Asclepias verticillata","Asclepias verticillata","Apocynaceae","actinomorphic"
"Asclepias woodii","Asclepias woodii","Apocynaceae","actinomorphic"
"Ascleptas curassavica","Asclepias curassavica","Apocynaceae","actinomorphic"
"Aspidonepsis diploglossa","Aspidonepsis diploglossa","Apocynaceae","actinomorphic"
"Catharanthus roseus","Catharanthus roseus","Apocynaceae","actinomorphic"
"Cerbera manghas","Cerbera manghas","Apocynaceae","actinomorphic"
"Cynanchum ascyrifolium","Cynanchum ascyrifolium","Apocynaceae","actinomorphic"
"Cynanchum diemii","Cynanchum diemii","Apocynaceae","actinomorphic"
"Galactophora schomburgkiana","Galactophora schomburgkiana","Apocynaceae","actinomorphic"
"Miraglossum pilosum","Miraglossum pilosum","Apocynaceae","actinomorphic"
"Miraglossum verticillare","Miraglossum verticillare","Apocynaceae","actinomorphic"
"Oxypetalum solanoides","Oxypetalum solanoides","Apocynaceae","actinomorphic"
"Pachycarpus natalensis","Pachycarpus natalensis","Apocynaceae","actinomorphic"
"Periploca laevigata","Periploca laevigata","Apocynaceae","actinomorphic"
"Rhabdadenia biflora","Rhabdadenia biflora","Apocynaceae","actinomorphic"
"Sisyranthus trichostomus","Sisyranthus trichostomus","Apocynaceae","actinomorphic"
"Tabernaemontana persicarifolia","Tabernaemontana persicariifolia","Apocynaceae","actinomorphic"
"Xysmalobium gerrardii","Xysmalobium gerrardii","Apocynaceae","actinomorphic"
"Xysmalobium involucratum","Xysmalobium involucratum","Apocynaceae","actinomorphic"
"Braya sp1 M_PL_014","Braya","Brassicaceae","actinomorphic"
"Ilex canarienis","Ilex canariensis","Aquifoliaceae","actinomorphic"
"Ilex integra","Ilex integra","Aquifoliaceae","actinomorphic"
"Ilex retusa","Ilex retusa","Aquifoliaceae","actinomorphic"
"Ilex serrata","Ilex serrata","Aquifoliaceae","actinomorphic"
"Alocasia odora","Alocasia odora","Araceae","actinomorphic"
"Arisaema japonicum","Arisaema japonicum","Araceae","actinomorphic"
"Arisaema triphyllum","Arisaema triphyllum","Araceae","actinomorphic"
"Arisarum vulgare","Arisarum vulgare","Araceae","actinomorphic"
"Aralia cordata","Aralia cordata","Araliaceae","actinomorphic"
"Aralia nudicaulis","Aralia nudicaulis","Araliaceae","actinomorphic"
"Dendropanax arboreus","Dendropanax arboreus","Araliaceae","actinomorphic"
"Dendropanax sp1 M_PL_040","Dendropanax","Araliaceae","actinomorphic"
"Dendropanax trifidus","Dendropanax trifidus","Araliaceae","actinomorphic"
"Fatsia japonica","Fatsia japonica","Araliaceae","actinomorphic"
"Gastonia crassa","Gastonia crassa","Araliaceae","actinomorphic"
"Gastonia mauritiana","Gastonia mauritiana","Araliaceae","actinomorphic"
"Hydrocotyle ramiflora","Hydrocotyle ramiflora","Araliaceae","actinomorphic"
"Polyscias mauritiana","Polyscias mauritiana","Araliaceae","actinomorphic"
"Schefflera octophylla","Schefflera octophylla","Araliaceae","actinomorphic"
"Chamaerops humilis","Chamaerops humilis","Arecaceae","actinomorphic"
"Deckenia nobilis","Deckenia nobilis","Arecaceae","actinomorphic"
"Nephrosperma vanhoutteanum","Nephrosperma vanhoutteanum","Arecaceae","actinomorphic"
"Phoenicophorium borsigianum","Phoenicophorium borsigianum","Arecaceae","actinomorphic"
"Roscheria melanochaetes","Roscheria melanochaetes","Arecaceae","actinomorphic"
"Corokia cotoneaster","Corokia cotoneaster","Argophyllaceae","actinomorphic"
"Aristolochia tomentosa","Aristolochia tomentosa","Aristolochiaceae","zygomorphic"
"Asparagus acutifolius","Asparagus acutifolius","Asparagaceae","actinomorphic"
"Asparagus aphyllus","Asparagus aphyllus","Asparagaceae","actinomorphic"
"Asparagus officinalis","Asparagus officinalis","Asparagaceae","actinomorphic"
"Asparagus schoberioides","Asparagus schoberioides","Asparagaceae","actinomorphic"
"Dracaena concinna","Dracaena concinna","Asparagaceae","actinomorphic"
"Dracaena reflexa","Dracaena reflexa","Asparagaceae","actinomorphic"
"Hosta albomarginata","Hosta albomarginata","Asparagaceae","actinomorphic"
"Hosta sieboldiana","Hosta sieboldiana","Asparagaceae","actinomorphic"
"Liriope platyphylla","Liriope platyphylla","Asparagaceae","actinomorphic"
"Maianthemum canadense","Maianthemum canadense","Asparagaceae","actinomorphic"
"Muscari comosum","Muscari comosum","Asparagaceae","actinomorphic"
"Polygonatum lasianthum","Polygonatum lasianthum","Asparagaceae","actinomorphic"
"Smilacina racemosa","Smilacina racemosa","Asparagaceae","actinomorphic"
"Smilacina stellata","Smilacina stellata","Asparagaceae","actinomorphic"
"Smilacina trifolia","Smilacina trifolia","Asparagaceae","actinomorphic"
"Asphodelus aestivus","Asphodelus aestivus","Asphodelaceae","actinomorphic"
"Hemerocallis vespertina","Hemerocallis vespertina","Asphodelaceae","actinomorphic"
"Achillea alpina","Achillea alpina","Asteraceae","actinomorphic"
"Achillea millefolium","Achillea millefolium","Asteraceae","actinomorphic"
"Adenocaulon himalaicum","Adenocaulon himalaicum","Asteraceae","actinomorphic"
"Ageratum conyzoides","Ageratum conyzoides","Asteraceae","actinomorphic"
"Ageratum houstonianum","Ageratum houstonianum","Asteraceae","actinomorphic"
"Ainsliaea acerifolia","Ainsliaea acerifolia","Asteraceae","actinomorphic"
"Ambrosia trifida","Ambrosia trifida","Asteraceae","actinomorphic"
"Anacyclus radiatus","Anacyclus radiatus","Asteraceae","actinomorphic"
"Anaphalis margaritacea","Anaphalis margaritacea","Asteraceae","actinomorphic"
"Andryala pinnatifida","Andryala pinnatifida","Asteraceae","actinomorphic"
"Antennaria alpina","Antennaria alpina","Asteraceae","actinomorphic"
"Antennaria plantaginifolia","Antennaria plantaginifolia","Asteraceae","actinomorphic"
"Anthemis cotula","Anthemis cotula","Asteraceae","actinomorphic"
"Arctium minus","Arctium minus","Asteraceae","actinomorphic"
"Argyranthemum broussonetti","Argyranthemum broussonetii","Asteraceae","actinomorphic"
"Argyranthemum frutescens","Argyranthemum frutescens","Asteraceae","actinomorphic"
"Arnica alpina","Arnica alpina","Asteraceae","actinomorphic"
"Arnica angustifolia","Arnica angustifolia","Asteraceae","actinomorphic"
"Arnica montana","Arnica montana","Asteraceae","actinomorphic"
"Arnica sp1 M_PL_014","Arnica","Asteraceae","actinomorphic"
"Aster ageratoides","Aster ageratoides","Asteraceae","actinomorphic"
"Aster foliaceus","Aster foliaceus","Asteraceae","actinomorphic"
"Aster glehni","Aster glehni","Asteraceae","actinomorphic"
"Aster novaeangliae","Aster novae-angliae","Asteraceae","actinomorphic"
"Aster scaber","Aster scaber","Asteraceae","actinomorphic"
"Aster subulatus","Aster subulatus","Asteraceae","actinomorphic"
"Barnadesia spinosa","Barnadesia spinosa","Asteraceae","actinomorphic"
"Bellis annua","Bellis annua","Asteraceae","actinomorphic"
"Bidens aristosa","Bidens aristosa","Asteraceae","actinomorphic"
"Bidens bipinnata","Bidens bipinnata","Asteraceae","actinomorphic"
"Bidens connata","Bidens connata","Asteraceae","actinomorphic"
"Bidens frondosa","Bidens frondosa","Asteraceae","actinomorphic"
"Bidens laevis","Bidens laevis","Asteraceae","actinomorphic"
"Bidens pilosa","Bidens pilosa","Asteraceae","actinomorphic"
"Boltonia asteroides","Boltonia asteroides","Asteraceae","actinomorphic"
"Brachycome stolonifera","Brachyscome stolonifera","Asteraceae","actinomorphic"
"Calendula arvensis","Calendula arvensis","Asteraceae","actinomorphic"
"Carduus acanthoides","Carduus acanthoides","Asteraceae","actinomorphic"
"Carduus pycnocephalus","Carduus pycnocephalus","Asteraceae","actinomorphic"
"Carduus tenuiflorus","Carduus tenuiflorus","Asteraceae","actinomorphic"
"Carpesium divaricatum","Carpesium divaricatum","Asteraceae","actinomorphic"
"Celmisia armstrongii","Celmisia armstrongii","Asteraceae","actinomorphic"
"Celmisia gracilenta","Celmisia gracilenta","Asteraceae","actinomorphic"
"Celmisia spectabilis","Celmisia spectabilis","Asteraceae","actinomorphic"
"Centaurea jacea","Centaurea jacea","Asteraceae","actinomorphic"
"Centaurea nigra","Centaurea nigra","Asteraceae","actinomorphic"
"Centaurea raphanina","Centaurea raphanina","Asteraceae","actinomorphic"
"Chaetanthera apiculata","Chaetanthera apiculata","Asteraceae","actinomorphic"
"Chaetanthera euphrasioides","Chaetanthera euphrasioides","Asteraceae","actinomorphic"
"Chaetanthera flabellata","Chaetanthera flabellata","Asteraceae","actinomorphic"
"Chaetanthera lycopodioides","Chaetanthera lycopodioides","Asteraceae","actinomorphic"
"Chaetanthera microphylla","Chaetanthera microphylla","Asteraceae","actinomorphic"
"Chaetanthera pusilla","Chaetanthera pusilla","Asteraceae","actinomorphic"
"Chondrilla juncea","Chondrilla juncea","Asteraceae","actinomorphic"
"Chrysanthemum coronarium","Chrysanthemum coronarium","Asteraceae","actinomorphic"
"Chrysanthemum leucanthemum","Chrysanthemum leucanthemum","Asteraceae","actinomorphic"
"Chrysanthemum maximum","Chrysanthemum maximum","Asteraceae","actinomorphic"
"Chrysopsis villosa","Chrysopsis villosa","Asteraceae","actinomorphic"
"Chuquiraga oppositifolia","Chuquiraga oppositifolia","Asteraceae","actinomorphic"
"Cirsium altissimum","Cirsium altissimum","Asteraceae","actinomorphic"
"Cirsium arvense","Cirsium arvense","Asteraceae","actinomorphic"
"Cirsium discolor","Cirsium discolor","Asteraceae","actinomorphic"
"Cirsium japonicum","Cirsium japonicum","Asteraceae","actinomorphic"
"Cirsium oleraceum","Cirsium oleraceum","Asteraceae","actinomorphic"
"Cirsium palustre","Cirsium palustre","Asteraceae","actinomorphic"
"Cirsium pumilum","Cirsium pumilum","Asteraceae","actinomorphic"
"Cirsium vulgare","Cirsium vulgare","Asteraceae","actinomorphic"
"Conocliniopsis prasiifolia","Conocliniopsis prasiifolia","Asteraceae","actinomorphic"
"Coreopsis basalis","Coreopsis basalis","Asteraceae","actinomorphic"
"Coreopsis palmata","Coreopsis palmata","Asteraceae","actinomorphic"
"Coreopsis tripteris","Coreopsis tripteris","Asteraceae","actinomorphic"
"Craspedia uniflora","Craspedia uniflora","Asteraceae","actinomorphic"
"Crepidiastrum lanceolatum","Crepidiastrum lanceolatum","Asteraceae","actinomorphic"
"Crepis capillaris","Crepis capillaris","Asteraceae","actinomorphic"
"Crepis paludosa","Crepis paludosa","Asteraceae","actinomorphic"
"Crupina crupinastrum","Crupina crupinastrum","Asteraceae","actinomorphic"
"Cynara cardunculus","Cynara cardunculus","Asteraceae","actinomorphic"
"Darwiniothamnus tenuifolius","Darwiniothamnus tenuifolius","Asteraceae","actinomorphic"
"Diplostephium sp1 M_PL_068","Diplostephium","Asteraceae","actinomorphic"
"Dittrichia graveolens","Dittrichia graveolens","Asteraceae","actinomorphic"
"Echinops microcephalus","Echinops microcephalus","Asteraceae","actinomorphic"
"Echinops setifer","Echinops setifer","Asteraceae","actinomorphic"
"Encelia hispida","Encelia hispida","Asteraceae","actinomorphic"
"Erigeron annuus","Erigeron annuus","Asteraceae","actinomorphic"
"Erigeron canadensis","Erigeron canadensis","Asteraceae","actinomorphic"
"Erigeron compositus","Erigeron compositus","Asteraceae","actinomorphic"
"Erigeron eriocephalus","Erigeron eriocephalus","Asteraceae","actinomorphic"
"Erigeron philadelphicus","Erigeron philadelphicus","Asteraceae","actinomorphic"
"Erigeron pulchellus","Erigeron pulchellus","Asteraceae","actinomorphic"
"Erigeron sp1 M_PL_014","Erigeron","Asteraceae","actinomorphic"
"Erigeron uniflorus","Erigeron uniflorus","Asteraceae","actinomorphic"
"Espeletia sp1 M_PL_068","Espeletia","Asteraceae","actinomorphic"
"Eupatorium altissimum","Eupatorium altissimum","Asteraceae","actinomorphic"
"Eupatorium cannabinum","Eupatorium cannabinum","Asteraceae","actinomorphic"
"Eupatorium chinense","Eupatorium chinense","Asteraceae","actinomorphic"
"Eupatorium coelestinum","Eupatorium coelestinum","Asteraceae","actinomorphic"
"Eupatorium lindleyanum","Eupatorium lindleyanum","Asteraceae","actinomorphic"
"Eupatorium odoratum","Eupatorium odoratum","Asteraceae","actinomorphic"
"Eupatorium perfoliatum","Eupatorium perfoliatum","Asteraceae","actinomorphic"
"Eupatorium purpureum","Eupatorium purpureum","Asteraceae","actinomorphic"
"Eupatorium serotinum","Eupatorium serotinum","Asteraceae","actinomorphic"
"Eupatorium sessilifolium","Eupatorium sessilifolium","Asteraceae","actinomorphic"
"Faujasiopsis flexuosa","Faujasiopsis flexuosa","Asteraceae","actinomorphic"
"Galactites tomentosa","Galactites tomentosa","Asteraceae","actinomorphic"
"Grindelia chiloensis","Grindelia chiloensis","Asteraceae","actinomorphic"
"Helenium autumnale","Helenium autumnale","Asteraceae","actinomorphic"
"Helianthus annuus","Helianthus annuus","Asteraceae","actinomorphic"
"Helianthus divaricatus","Helianthus divaricatus","Asteraceae","actinomorphic"
"Helianthus laetiflorus","Helianthus laetiflorus","Asteraceae","actinomorphic"
"Helianthus mollis","Helianthus mollis","Asteraceae","actinomorphic"
"Helianthus petiolaris","Helianthus petiolaris","Asteraceae","actinomorphic"
"Helianthus strumosus","Helianthus strumosus","Asteraceae","actinomorphic"
"Helianthus tuberosus","Helianthus tuberosus","Asteraceae","actinomorphic"
"Helichrysum alpinum","Helichrysum alpinum","Asteraceae","actinomorphic"
"Helichrysum bellidioides","Helichrysum bellidioides","Asteraceae","actinomorphic"
"Helichrysum selago","Helichrysum selago","Asteraceae","actinomorphic"
"Helichrysum stoechas","Helichrysum stoechas","Asteraceae","actinomorphic"
"Heliopsis helianthoides","Heliopsis helianthoides","Asteraceae","actinomorphic"
"Heteropappus hispidus","Heteropappus hispidus","Asteraceae","actinomorphic"
"Hieracium pilosella","Hieracium pilosella","Asteraceae","actinomorphic"
"Hieracium praealtum","Hieracium praealtum","Asteraceae","actinomorphic"
"Hieracium sp1 M_PL_048","Hieracium","Asteraceae","actinomorphic"
"Hieracium umbellatum","Hieracium umbellatum","Asteraceae","actinomorphic"
"Hypochaeris pampasica","Hypochaeris pampasica","Asteraceae","actinomorphic"
"Hypochaeris radicata","Hypochaeris radicata","Asteraceae","actinomorphic"
"Hypochoeris radicata","Hypochoeris radicata","Asteraceae","actinomorphic"
"Hysterionica jasionoides","Hysterionica jasionoides","Asteraceae","actinomorphic"
"Inula japonica","Inula japonica","Asteraceae","actinomorphic"
"Inula salicina","Inula salicina","Asteraceae","actinomorphic"
"Ixeris dentata","Ixeris dentata","Asteraceae","actinomorphic"
"Kalimeris pinnatifida","Kalimeris pinnatifida","Asteraceae","actinomorphic"
"Lactuca canadensis","Lactuca canadensis","Asteraceae","actinomorphic"
"Lactuca floridana","Lactuca floridana","Asteraceae","actinomorphic"
"Lactuca indica","Lactuca indica","Asteraceae","actinomorphic"
"Lapsana communis","Lapsana communis","Asteraceae","actinomorphic"
"Leontodon autumnalis","Leontodon autumnalis","Asteraceae","actinomorphic"
"Leontodon hispidus","Leontodon hispidus","Asteraceae","actinomorphic"
"Leontodon saxatilis","Leontodon saxatilis","Asteraceae","actinomorphic"
"Leontodon taraxacoides","Leontodon taraxacoides","Asteraceae","actinomorphic"
"Leptorhynchos squamatus","Leptorhynchos squamatus","Asteraceae","actinomorphic"
"Leucanthemum vulgare","Leucanthemum vulgare","Asteraceae","actinomorphic"
"Leucogenes grandiceps","Leucogenes grandiceps","Asteraceae","actinomorphic"
"Liatris pycnostachya","Liatris pycnostachya","Asteraceae","actinomorphic"
"Liatris scariosa","Liatris scariosa","Asteraceae","actinomorphic"
"Ligularia dentata","Ligularia dentata","Asteraceae","actinomorphic"
"Ligularia japonica","Ligularia japonica","Asteraceae","actinomorphic"
"Madia sativa","Madia sativa","Asteraceae","actinomorphic"
"Microseris lanceolata","Microseris lanceolata","Asteraceae","actinomorphic"
"Mikania micrantha","Mikania micrantha","Asteraceae","actinomorphic"
"Mustisia acerosa","Mutisia acerosa","Asteraceae","actinomorphic"
"Mustisia sinuata","Mutisia sinuata","Asteraceae","actinomorphic"
"Mutisia decurrens","Mutisia decurrens","Asteraceae","actinomorphic"
"Mutisia sinuata","Mutisia sinuata","Asteraceae","actinomorphic"
"Mutisia speciosa","Mutisia speciosa","Asteraceae","actinomorphic"
"Nardophyllum lanatum","Nardophyllum lanatum","Asteraceae","actinomorphic"
"Nassauvia axillaris","Nassauvia axillaris","Asteraceae","actinomorphic"
"Nassauvia heterophylla","Nassauvia heterophylla","Asteraceae","actinomorphic"
"Nassauvia lagascae","Nassauvia lagascae","Asteraceae","actinomorphic"
"Nassauvia pinnigera","Nassauvia pinnigera","Asteraceae","actinomorphic"
"Olearia phlogopappa","Olearia phlogopappa","Asteraceae","actinomorphic"
"Olearia virgata","Olearia virgata","Asteraceae","actinomorphic"
"Oreochrysum parryi","Oreochrysum parryi","Asteraceae","actinomorphic"
"Pallenis spinosa","Pallenis spinosa","Asteraceae","actinomorphic"
"Parthenium integrifolium","Parthenium integrifolium","Asteraceae","actinomorphic"
"Pectis tenuifolia","Pectis tenuifolia","Asteraceae","actinomorphic"
"Perezia carthamoides","Perezia carthamoides","Asteraceae","actinomorphic"
"Perezia pilifera","Perezia pilifera","Asteraceae","actinomorphic"
"Petasites frigidus","Petasites frigidus","Asteraceae","actinomorphic"
"Petasites japonicus","Petasites japonicus","Asteraceae","actinomorphic"
"Phagnalon graecum","Phagnalon graecum","Asteraceae","actinomorphic"
"Pithecoseris pacourinoides","Pithecoseris pacourinoides","Asteraceae","actinomorphic"
"Prenanthes aspera","Prenanthes aspera","Asteraceae","actinomorphic"
"Prenanthes crepidinea","Prenanthes crepidinea","Asteraceae","actinomorphic"
"Psiadia terebinthina","Psiadia terebinthina","Asteraceae","actinomorphic"
"Raoulia grandiflora","Raoulia grandiflora","Asteraceae","actinomorphic"
"Raoulia subsericea","Raoulia subsericea","Asteraceae","actinomorphic"
"Reichardia picroides","Reichardia picroides","Asteraceae","actinomorphic"
"Rudbeckia hirta","Rudbeckia hirta","Asteraceae","actinomorphic"
"Rudbeckia laciniata","Rudbeckia laciniata","Asteraceae","actinomorphic"
"Rudbeckia subtomentosa","Rudbeckia subtomentosa","Asteraceae","actinomorphic"
"Rudbeckia triloba","Rudbeckia triloba","Asteraceae","actinomorphic"
"Saussurea gracilis","Saussurea gracilis","Asteraceae","actinomorphic"
"Scalesia helleri","Scalesia helleri","Asteraceae","actinomorphic"
"Scalesia pedunculata","Scalesia pedunculata","Asteraceae","actinomorphic"
"Scalesia sp1 M_PL_026","Scalesia","Asteraceae","actinomorphic"
"Scolymus hispanicus","Scolymus hispanicus","Asteraceae","actinomorphic"
"Scorzonea humilis","Scorzonera humilis","Asteraceae","actinomorphic"
"Scorzonera cana","Scorzonera cana","Asteraceae","actinomorphic"
"Senecio aureus","Senecio aureus","Asteraceae","actinomorphic"
"Senecio cannabifolius","Senecio cannabifolius","Asteraceae","actinomorphic"
"Senecio filaginoides","Senecio filaginoides","Asteraceae","actinomorphic"
"Senecio gunnii","Senecio gunnii","Asteraceae","actinomorphic"
"Senecio jacobea","Senecio jacobaea","Asteraceae","actinomorphic"
"Senecio lautus","Senecio lautus","Asteraceae","actinomorphic"
"Senecio madagascariensis","Senecio madagascariensis","Asteraceae","actinomorphic"
"Senecio nemorensis","Senecio nemorensis","Asteraceae","actinomorphic"
"Senecio pierotii","Senecio pierotii","Asteraceae","actinomorphic"
"Senecio selloi","Senecio selloi","Asteraceae","actinomorphic"
"Senecio sp1 M_PL_002","Senecio","Asteraceae","actinomorphic"
"Senecio vulgaris","Senecio vulgaris","Asteraceae","actinomorphic"
"Siegesbeckia orientalis","Siegesbeckia orientalis","Asteraceae","actinomorphic"
"Silphium integrifolium","Silphium integrifolium","Asteraceae","actinomorphic"
"Silphium laciniatum","Silphium laciniatum","Asteraceae","actinomorphic"
"Silphium perfoliatum","Silphium perfoliatum","Asteraceae","actinomorphic"
"Silphium terebinthinaceum","Silphium terebinthinaceum","Asteraceae","actinomorphic"
"Solidago canadensis","Solidago canadensis","Asteraceae","actinomorphic"
"Solidago graminifolia","Solidago graminifolia","Asteraceae","actinomorphic"
"Solidago missouriensis","Solidago missouriensis","Asteraceae","actinomorphic"
"Solidago nemoralis","Solidago nemoralis","Asteraceae","actinomorphic"
"Solidago rigida","Solidago rigida","Asteraceae","actinomorphic"
"Solidago sempervirens","Solidago sempervirens","Asteraceae","actinomorphic"
"Solidago speciosa","Solidago speciosa","Asteraceae","actinomorphic"
"Solidago ulmifolia","Solidago ulmifolia","Asteraceae","actinomorphic"
"Solidago virg-aurea","Solidago virgaurea","Asteraceae","actinomorphic"
"Sommerfeltia spinulosa","Sommerfeltia spinulosa","Asteraceae","actinomorphic"
"Sonchus arvensis","Sonchus arvensis","Asteraceae","actinomorphic"
"Sonchus cf. ortunoi","Sonchus ortunoi","Asteraceae","actinomorphic"
"Sonchus oleraceus","Sonchus oleraceus","Asteraceae","actinomorphic"
"Sonchus palustris","Sonchus palustris","Asteraceae","actinomorphic"
"Sonchus tenerrimus","Sonchus tenerrimus","Asteraceae","actinomorphic"
"Spilanthes urens","Spilanthes urens","Asteraceae","actinomorphic"
"Tanacetum vulgare","Tanacetum vulgare","Asteraceae","actinomorphic"
"Taraxacum arctogenum","Taraxacum arctogenum","Asteraceae","actinomorphic"
"Taraxacum hondoense","Taraxacum hondoense","Asteraceae","actinomorphic"
"Taraxacum japonicum","Taraxacum japonicum","Asteraceae","actinomorphic"
"Taraxacum officinale","Taraxacum officinale","Asteraceae","actinomorphic"
"Taraxacum phymatocarpum","Taraxacum phymatocarpum","Asteraceae","actinomorphic"
"Taraxacum sp1 M_PL_048","Taraxacum","Asteraceae","actinomorphic"
"Thelesperma megapotamicum","Thelesperma megapotamicum","Asteraceae","actinomorphic"
"Tolpis webbii","Tolpis webbii","Asteraceae","actinomorphic"
"Tragopogon porrifolius","Tragopogon porrifolius","Asteraceae","actinomorphic"
"Tripleurospermum inodorum","Tripleurospermum inodorum","Asteraceae","actinomorphic"
"Verbesina helianthoides","Verbesina helianthoides","Asteraceae","actinomorphic"
"Vernonia cinerea","Vernonia cinerea","Asteraceae","actinomorphic"
"Vernonia echioides","Vernonia echioides","Asteraceae","actinomorphic"
"Vernonia fasciculata","Vernonia fasciculata","Asteraceae","actinomorphic"
"Vernonia sp1 M_PL_041","Vernonia","Asteraceae","actinomorphic"
"Wedelia calycina","Wedelia calycina","Asteraceae","actinomorphic"
"Wedelia trilobata","Wedelia trilobata","Asteraceae","actinomorphic"
"Youngia denticulata","Youngia denticulata","Asteraceae","actinomorphic"
"Youngia japonica","Youngia japonica","Asteraceae","actinomorphic"
"Impatiens biflora","Impatiens biflora","Balsaminaceae","zygomorphic"
"Impatiens noli-tangere","Impatiens noli-tangere","Balsaminaceae","zygomorphic"
"Impatiens pallida","Impatiens pallida","Balsaminaceae","zygomorphic"
"Impatiens textori","Impatiens textori","Balsaminaceae","zygomorphic"
"Impatiens walleriana","Impatiens walleriana","Balsaminaceae","zygomorphic"
"Berberis buxifolia","Berberis buxifolia","Berberidaceae","actinomorphic"
"Berberis darwinii","Berberis darwinii","Berberidaceae","actinomorphic"
"Berberis empetrifolia","Berberis empetrifolia","Berberidaceae","actinomorphic"
"Berberis montana","Berberis montana","Berberidaceae","actinomorphic"
"Berberis thunbergii","Berberis thunbergii","Berberidaceae","actinomorphic"
"Caulophyllum thalictroides","Caulophyllum thalictroides","Berberidaceae","actinomorphic"
"Epimedium diphyllum","Epimedium diphyllum","Berberidaceae","actinomorphic"
"Epimedium grandiflorum","Epimedium grandiflorum","Berberidaceae","actinomorphic"
"Mahonia japonica","Mahonia japonica","Berberidaceae","actinomorphic"
"Nandina domestica","Nandina domestica","Berberidaceae","actinomorphic"
"Podophyllum peltatum","Podophyllum peltatum","Berberidaceae","actinomorphic"
"Campsis grandiflora","Campsis grandiflora","Bignoniaceae","actinomorphic"
"Colea seychellarum","Colea seychellarum","Bignoniaceae","zygomorphic"
"Digomphia laurifolia","Digomphia laurifolia","Bignoniaceae","zygomorphic"
"Fridericia speciosa","Fridericia speciosa","Bignoniaceae","zygomorphic"
"Pyrostegia venusta","Pyrostegia venusta","Bignoniaceae","zygomorphic"
"Tabebuia donnell-smithii","Tabebuia donnell-smithii","Bignoniaceae","zygomorphic"
"Tabebuia impetiginosa","Tabebuia impetiginosa","Bignoniaceae","zygomorphic"
"Bonnetia sessilis","Bonnetia sessilis","Bonnetiaceae","actinomorphic"
"Alkanna tinctoria","Alkanna tinctoria","Boraginaceae","actinomorphic"
"Anchusa undulata","Anchusa undulata","Boraginaceae","actinomorphic"
"Anchusa variegata","Anchusa variegata","Boraginaceae","actinomorphic"
"Cynoglossum officinale","Cynoglossum officinale","Boraginaceae","actinomorphic"
"Cynoglossum sp1 M_PL_001","Cynoglossum","Boraginaceae","actinomorphic"
"Echium aculeatum","Echium aculeatum","Boraginaceae","actinomorphic"
"Echium angustifolium","Echium angustifolium","Boraginaceae","actinomorphic"
"Echium bonnetii","Echium bonnetii","Boraginaceae","actinomorphic"
"Echium plantagineum","Echium plantagineum","Boraginaceae","actinomorphic"
"Echium vulgare","Echium vulgare","Boraginaceae","actinomorphic"
"Echium wildpretii","Echium wildpretii","Boraginaceae","actinomorphic"
"Lithospermum canescens","Lithospermum canescens","Boraginaceae","actinomorphic"
"Mertensia pratensis","Mertensia pratensis","Boraginaceae","actinomorphic"
"Mertensia sibirica","Mertensia sibirica","Boraginaceae","actinomorphic"
"Mertensia virginica","Mertensia virginica","Boraginaceae","actinomorphic"
"Myosotis palustris","Myosotis palustris","Boraginaceae","actinomorphic"
"Omphalodes japonica","Omphalodes japonica","Boraginaceae","actinomorphic"
"Trigonotis brevipes","Trigonotis brevipes","Boraginaceae","actinomorphic"
"Alyssum maritimum","Alyssum maritimum","Brassicaceae","actinomorphic"
"Arabis alpina","Arabis alpina","Brassicaceae","actinomorphic"
"Arabis glabra","Arabis glabra","Brassicaceae","actinomorphic"
"Arabis hirsuta","Arabis hirsuta","Brassicaceae","actinomorphic"
"Arabis laevigata","Arabis laevigata","Brassicaceae","actinomorphic"
"Biscutella didyma","Biscutella didyma","Brassicaceae","actinomorphic"
"Brassica campestris","Brassica campestris","Brassicaceae","actinomorphic"
"Brassica fruticulosa","Brassica fruticulosa","Brassicaceae","actinomorphic"
"Capsella bursa-pastoris","Capsella bursa-pastoris","Brassicaceae","actinomorphic"
"Cardamine bulbosa","Cardamine bulbosa","Brassicaceae","actinomorphic"
"Cardamine nivalis","Cardamine nivalis","Brassicaceae","actinomorphic"
"Cardamine regeliana","Cardamine regeliana","Brassicaceae","actinomorphic"
"Cardamine tanakae","Cardamine tanakae","Brassicaceae","actinomorphic"
"Cardaria draba","Cardaria draba","Brassicaceae","actinomorphic"
"Cochlearia groenlandica","Cochlearia groenlandica","Brassicaceae","actinomorphic"
"Dentaria laciniata","Dentaria laciniata","Brassicaceae","actinomorphic"
"Draba arctica","Draba arctica","Brassicaceae","actinomorphic"
"Draba aurea","Draba aurea","Brassicaceae","actinomorphic"
"Draba bellii","Draba bellii","Brassicaceae","actinomorphic"
"Draba cinerea","Draba cinerea","Brassicaceae","actinomorphic"
"Draba gilliesii","Draba gilliesii","Brassicaceae","actinomorphic"
"Draba lactea","Draba lactea","Brassicaceae","actinomorphic"
"Draba oblongata","Draba oblongata","Brassicaceae","actinomorphic"
"Draba sp1 M_PL_020","Draba","Brassicaceae","actinomorphic"
"Eruca vesicaria","Eruca vesicaria","Brassicaceae","actinomorphic"
"Erysimum asperum","Erysimum asperum","Brassicaceae","actinomorphic"
"Erysimum pallasii","Erysimum pallasii","Brassicaceae","actinomorphic"
"Erysimum scoparium","Erysimum scoparium","Brassicaceae","actinomorphic"
"Erysimum sp1 M_PL_014","Erysimum","Brassicaceae","actinomorphic"
"Hirschfeldia incana","Hirschfeldia incana","Brassicaceae","actinomorphic"
"Lepidium virginicum","Lepidium virginicum","Brassicaceae","actinomorphic"
"Lesquerella arctica","Lesquerella arctica","Brassicaceae","actinomorphic"
"Menonvillea hookeri","Menonvillea hookeri","Brassicaceae","actinomorphic"
"Physaria didymocarpa","Physaria didymocarpa","Brassicaceae","actinomorphic"
"Raphanus raphanistrum","Raphanus raphanistrum","Brassicaceae","actinomorphic"
"Rapistrum rugosum","Rapistrum rugosum","Brassicaceae","actinomorphic"
"Rorippa indica","Rorippa indica","Brassicaceae","actinomorphic"
"Sisymbrium orientale","Sisymbrium orientale","Brassicaceae","actinomorphic"
"Aechmea blumenavii","Aechmea blumenavii","Bromeliaceae","actinomorphic"
"Aechmea contracta","Aechmea contracta","Bromeliaceae","actinomorphic"
"Aechmea corymbosa","Aechmea corymbosa","Bromeliaceae","actinomorphic"
"Aechmea cylindrata","Aechmea cylindrata","Bromeliaceae","actinomorphic"
"Aechmea distichantha","Aechmea distichantha","Bromeliaceae","actinomorphic"
"Aechmea gamosepala","Aechmea gamosepala","Bromeliaceae","actinomorphic"
"Aechmea nudicaulis","Aechmea nudicaulis","Bromeliaceae","actinomorphic"
"Aechmea rubiginosa","Aechmea rubiginosa","Bromeliaceae","actinomorphic"
"Aechmea sp1 M_PL_063","Aechmea","Bromeliaceae","actinomorphic"
"Aechmea vanhoutteana","Aechmea vanhoutteana","Bromeliaceae","actinomorphic"
"Billbergia amoena","Billbergia amoena","Bromeliaceae","zygomorphic"
"Billbergia decora","Billbergia decora","Bromeliaceae","zygomorphic"
"Billbergia distachya","Billbergia distachya","Bromeliaceae","zygomorphic"
"Brocchinia acuminata","Brocchinia acuminata","Bromeliaceae","actinomorphic"
"Bromelia sp1 M_PL_071","Bromelia","Bromeliaceae","actinomorphic"
"Edmundoa lindenii","Edmundoa lindenii","Bromeliaceae","actinomorphic"
"Nidularium innocentii","Nidularium innocentii","Bromeliaceae","actinomorphic"
"Nidularium inocentii","Nidularium innocentii","Bromeliaceae","actinomorphic"
"Nidularium procerum","Nidularium procerum","Bromeliaceae","actinomorphic"
"Pepinia sp1 M_PL_071","Pepinia","Bromeliaceae","actinomorphic"
"Tillandsia bartramii","Tillandsia bartramii","Bromeliaceae","actinomorphic"
"Tillandsia complanata","Tillandsia complanata","Bromeliaceae","actinomorphic"
"Tillandsia dasyrifolia","Tillandsia dasyliriifolia","Bromeliaceae","actinomorphic"
"Tillandsia dura","Tillandsia dura","Bromeliaceae","actinomorphic"
"Tillandsia gardneri","Tillandsia gardneri","Bromeliaceae","actinomorphic"
"Tillandsia geminiflora","Tillandsia geminiflora","Bromeliaceae","actinomorphic"
"Tillandsia paucifolia","Tillandsia paucifolia","Bromeliaceae","actinomorphic"
"Tillandsia sp1 M_PL_063","Tillandsia","Bromeliaceae","actinomorphic"
"Tillandsia stricta","Tillandsia stricta","Bromeliaceae","actinomorphic"
"Vriesea carinata","Vriesea carinata","Bromeliaceae","zygomorphic"
"Vriesea chrysostachys","Vriesea chrysostachys","Bromeliaceae","zygomorphic"
"Vriesea erythrodactylon","Vriesea erythrodactylon","Bromeliaceae","zygomorphic"
"Vriesea incurvata","Vriesea incurvata","Bromeliaceae","zygomorphic"
"Vriesea longicaulis","Vriesea longicaulis","Bromeliaceae","zygomorphic"
"Vriesea simplex","Vriesea simplex","Bromeliaceae","zygomorphic"
"Vriesea sp1 M_PL_066","Vriesea","Bromeliaceae","zygomorphic"
"Vriesea vagans","Vriesea vagans","Bromeliaceae","zygomorphic"
"Wittrockia superba","Wittrockia superba","Bromeliaceae","actinomorphic"
"Bursera graveolens","Bursera graveolens","Burseraceae","actinomorphic"
"Bursera simaruba","Bursera simaruba","Burseraceae","actinomorphic"
"Gymnocalycium reductum","Gymnocalycium reductum","Cactaceae","actinomorphic"
"Melocactus zehntneri","Melocactus zehntneri","Cactaceae","actinomorphic"
"Nopalea karwinskiana","Nopalea karwinskiana","Cactaceae","actinomorphic"
"Opuntia echios","Opuntia echios","Cactaceae","actinomorphic"
"Opuntia excelsa","Opuntia excelsa","Cactaceae","actinomorphic"
"Opuntia helleri","Opuntia helleri","Cactaceae","actinomorphic"
"Opuntia megasperma","Opuntia megasperma","Cactaceae","actinomorphic"
"Opuntia sp1 M_PL_026","Opuntia","Cactaceae","actinomorphic"
"Opuntia stricta","Opuntia stricta","Cactaceae","actinomorphic"
"Pilosocereus gounellei","Pilosocereus gounellei","Cactaceae","actinomorphic"
"Pilosocereus sp1 M_PL_067","Pilosocereus","Cactaceae","actinomorphic"
"Tacinga inamoena","Tacinga inamoena","Cactaceae","actinomorphic"
"Tacinga palmadora","Tacinga palmadora","Cactaceae","actinomorphic"
"Trichocereus chiloensis","Trichocereus chiloensis","Cactaceae","actinomorphic"
"Calceolaria arac","Calceolaria","Calceolariaceae","zygomorphic"
"Calceolaria biflora","Calceolaria biflora","Calceolariaceae","zygomorphic"
"Calceolaria crenatiflora","Calceolaria crenatiflora","Calceolariaceae","zygomorphic"
"Adenophora triphylla","Adenophora triphylla","Campanulaceae","actinomorphic"
"Azorina vidalii","Azorina vidalii","Campanulaceae","actinomorphic"
"Campanula americana","Campanula americana","Campanulaceae","actinomorphic"
"Campanula drabifolia","Campanula drabifolia","Campanulaceae","actinomorphic"
"Campanula gieseckiana","Campanula gieseckiana","Campanulaceae","actinomorphic"
"Campanula punctata","Campanula punctata","Campanulaceae","actinomorphic"
"Campanula rotundifolia","Campanula rotundifolia","Campanulaceae","actinomorphic"
"Centropogon cornutus","Centropogon cornutus","Campanulaceae","zygomorphic"
"Codonopsis lanceolata","Codonopsis lanceolata","Campanulaceae","actinomorphic"
"Isotoma fluviatilis","Isotoma fluviatilis","Campanulaceae","actinomorphic"
"Lobelia cardinalis","Lobelia cardinalis","Campanulaceae","actinomorphic"
"Lobelia cardinalis x siphilitica","Lobelia cardinalis","Campanulaceae","actinomorphic"
"Lobelia inflata","Lobelia inflata","Campanulaceae","actinomorphic"
"Lobelia siphilitica","Lobelia siphilitica","Campanulaceae","actinomorphic"
"Lobelia spicata","Lobelia spicata","Campanulaceae","actinomorphic"
"Pratia angulata","Pratia angulata","Campanulaceae","actinomorphic"
"Pratia macrodon","Pratia macrodon","Campanulaceae","actinomorphic"
"Siphocampylus convolvulaceus","Siphocampylus convolvulaceus","Campanulaceae","zygomorphic"
"Siphocampylus giganteus","Siphocampylus giganteus","Campanulaceae","zygomorphic"
"Siphocampylus longepedunculatus","Siphocampylus longepedunculatus","Campanulaceae","zygomorphic"
"Wahlenbergia albomarginata","Wahlenbergia albomarginata","Campanulaceae","actinomorphic"
"Wahlenbergia ceracea","Wahlenbergia ceracea","Campanulaceae","actinomorphic"
"Trema orientalis","Trema orientalis","Cannabaceae","actinomorphic"
"Canna glauca","Canna glauca","Cannaceae","zygomorphic"
"Canna paniculata","Canna paniculata","Cannaceae","zygomorphic"
"Canna sp1 M_PL_026","Canna","Cannaceae","zygomorphic"
"Capparis ovata","Capparis ovata","Capparaceae","actinomorphic"
"Abelia grandiflora","Abelia grandiflora","Caprifoliaceae","actinomorphic"
"Abelia serrata","Abelia serrata","Caprifoliaceae","actinomorphic"
"Abelia sp1 M_PL_054","Abelia","Caprifoliaceae","actinomorphic"
"Dipsacus japonicus","Dipsacus japonicus","Caprifoliaceae","actinomorphic"
"Dipsacus sylvestris","Dipsacus sylvestris","Caprifoliaceae","actinomorphic"
"Knautia arvensis","Knautia arvensis","Caprifoliaceae","actinomorphic"
"Lonicera alpigena","Lonicera alpigena","Caprifoliaceae","zygomorphic"
"Lonicera gracilipes","Lonicera gracilipes","Caprifoliaceae","actinomorphic"
"Lonicera morrowii","Lonicera morrowii","Caprifoliaceae","actinomorphic"
"Lonicera periclymenum","Lonicera periclymenum","Caprifoliaceae","zygomorphic"
"Lonicera sempervirens","Lonicera sempervirens","Caprifoliaceae","actinomorphic"
"Patrinia scabiosaefolia","Patrinia scabiosaefolia","Caprifoliaceae","actinomorphic"
"Patrinia villosa","Patrinia villosa","Caprifoliaceae","actinomorphic"
"Pterocephalus lasiospermus","Pterocephalus lasiospermus","Caprifoliaceae","actinomorphic"
"Pterocephalus papposus","Pterocephalus papposus","Caprifoliaceae","actinomorphic"
"Scabiosa atropurpurea","Scabiosa atropurpurea","Caprifoliaceae","actinomorphic"
"Scabiosa japonica","Scabiosa japonica","Caprifoliaceae","actinomorphic"
"Succisa pratensis","Succisa pratensis","Caprifoliaceae","actinomorphic"
"Triosteum perfoliatum","Triosteum perfoliatum","Caprifoliaceae","zygomorphic"
"Valeriana edulis","Valeriana edulis","Caprifoliaceae","actinomorphic"
"Valeriana fauriei","Valeriana fauriei","Caprifoliaceae","actinomorphic"
"Valeriana flaccidissima","Valeriana flaccidissima","Caprifoliaceae","actinomorphic"
"Valeriana gracileps","Valeriana gracilipes","Caprifoliaceae","actinomorphic"
"Valeriana officinalis","Valeriana officinalis","Caprifoliaceae","actinomorphic"
"Valeriana radicalis","Valeriana radicalis","Caprifoliaceae","actinomorphic"
"Weigela decora","Weigela decora","Caprifoliaceae","actinomorphic"
"Weigela hortensis","Weigela hortensis","Caprifoliaceae","actinomorphic"
"Phyla sp1 M_PL_026","Phyla","Verbinaceae","actinomorphic"
"Carica papaya","Carica papaya","Caricaceae","actinomorphic"
"Arenaria pseudofrigida","Arenaria pseudofrigida","Caryophyllaceae","actinomorphic"
"Cerastium alpinum","Cerastium alpinum","Caryophyllaceae","actinomorphic"
"Cerastium arcticum","Cerastium arcticum","Caryophyllaceae","actinomorphic"
"Cerastium arvense","Cerastium arvense","Caryophyllaceae","actinomorphic"
"Cerastium fontanum","Cerastium fontanum","Caryophyllaceae","actinomorphic"
"Cerastium glomeratum","Cerastium glomeratum","Caryophyllaceae","actinomorphic"
"Cerastium nutans","Cerastium nutans","Caryophyllaceae","actinomorphic"
"Dianthus caryophillus","Dianthus caryophyllus","Caryophyllaceae","actinomorphic"
"Dianthus superbus","Dianthus superbus","Caryophyllaceae","actinomorphic"
"Lychnis flos-cuculi","Lychnis flos-cuculi","Caryophyllaceae","actinomorphic"
"Moehringia lateriflora","Moehringia lateriflora","Caryophyllaceae","actinomorphic"
"Petrorhagia velutina","Petrorhagia velutina","Caryophyllaceae","actinomorphic"
"Pseudostellaria heterantha","Pseudostellaria heterantha","Caryophyllaceae","actinomorphic"
"Saponaria officinalis","Saponaria officinalis","Caryophyllaceae","actinomorphic"
"Silene acaulis","Silene acaulis","Caryophyllaceae","actinomorphic"
"Silene colorata","Silene colorata","Caryophyllaceae","actinomorphic"
"Silene dioica","Silene dioica","Caryophyllaceae","actinomorphic"
"Silene gallica","Silene gallica","Caryophyllaceae","actinomorphic"
"Silene nivea","Silene nivea","Caryophyllaceae","actinomorphic"
"Silene sp1 M_PL_014","Silene","Caryophyllaceae","actinomorphic"
"Silene stellata","Silene stellata","Caryophyllaceae","actinomorphic"
"Silene vulgaris","Silene vulgaris","Caryophyllaceae","actinomorphic"
"Stellaria alsine","Stellaria alsine","Caryophyllaceae","actinomorphic"
"Stellaria graminea","Stellaria graminea","Caryophyllaceae","actinomorphic"
"Stellaria longiceps","Stellaria longipes","Caryophyllaceae","actinomorphic"
"Stellaria longifolia","Stellaria longifolia","Caryophyllaceae","actinomorphic"
"Stellaria media","Stellaria media","Caryophyllaceae","actinomorphic"
"Stellaria palustris","Stellaria palustris","Caryophyllaceae","actinomorphic"
"Stellaria pubera","Stellaria pubera","Caryophyllaceae","actinomorphic"
"Viscaria alpina","Viscaria alpina","Caryophyllaceae","actinomorphic"
"Celastrus scandens","Celastrus scandens","Celastraceae","actinomorphic"
"Euonymus alatus","Euonymus alatus","Celastraceae","actinomorphic"
"Euonymus fo rtunei","Euonymus","Celastraceae","actinomorphic"
"Euonymus macropterus","Euonymus macropterus","Celastraceae","actinomorphic"
"Euonymus sieboldianus","Euonymus sieboldianus","Celastraceae","actinomorphic"
"Evonymus atropurpureus","Euonymus atropurpureus","Celastraceae","actinomorphic"
"Parnassia palustris","Parnassia palustris","Celastraceae","actinomorphic"
"Pleurostylia leucocarpa","Pleurostylia leucocarpa","Celastraceae","actinomorphic"
"Galeopsis sp1 M_PL_048","Galeopsis","Lamiaceae","zygomorphic"
"Beta maritima","Beta maritima","Chenopodiaceae","actinomorphic"
"Salsola komarovii","Salsola komarovii","Chenopodiaceae","actinomorphic"
"Chrysobalanus icaco","Chrysobalanus icaco","Chrysobalanaceae","actinomorphic"
"Grangeria borbonica","Grangeria borbonica","Chrysobalanaceae","actinomorphic"
"Cistus albidus","Cistus albidus","Cistaceae","actinomorphic"
"Cistus libanotis","Cistus libanotis","Cistaceae","actinomorphic"
"Cistus monspeliensis","Cistus monspeliensis","Cistaceae","actinomorphic"
"Cistus parviflorus","Cistus parviflorus","Cistaceae","actinomorphic"
"Cistus salvifolius","Cistus salvifolius","Cistaceae","actinomorphic"
"Fumana arabica","Fumana arabica","Cistaceae","actinomorphic"
"Fumana thymifolia","Fumana thymifolia","Cistaceae","actinomorphic"
"Halimium halimifolium","Halimium halimifolium","Cistaceae","actinomorphic"
"Helianthemum guttatum","Helianthemum guttatum","Cistaceae","actinomorphic"
"Cleome serrulata","Cleome serrulata","Cleomaceae","actinomorphic"
"Clethra barbinervis","Clethra barbinervis","Clethraceae","actinomorphic"
"Clusia grandiflora","Clusia grandiflora","Clusiaceae","actinomorphic"
"Clusia pusilla","Clusia pusilla","Clusiaceae","actinomorphic"
"Symphonia globulifera","Symphonia globulifera","Clusiaceae","actinomorphic"
"Disporum sessile","Disporum sessile","Colchicaceae","actinomorphic"
"Uvularia grandiflora","Uvularia grandiflora","Colchicaceae","actinomorphic"
"Uvularia sessilifolia","Uvularia sessilifolia","Colchicaceae","actinomorphic"
"Combretum farinosum","Combretum farinosum","Combretaceae","actinomorphic"
"Conocarpus erectus","Conocarpus erectus","Combretaceae","actinomorphic"
"Commelina communis","Commelina communis","Commelinaceae","zygomorphic"
"Commelina erecta","Commelina erecta","Commelinaceae","zygomorphic"
"Murdannia keisak","Murdannia keisak","Commelinaceae","actinomorphic"
"Pollia japonica","Pollia japonica","Commelinaceae","actinomorphic"
"Tradescantia ohiensis","Tradescantia ohiensis","Commelinaceae","actinomorphic"
"Tradescantia virginiana","Tradescantia virginiana","Commelinaceae","actinomorphic"
"Tradescantia zebrina","Tradescantia zebrina","Commelinaceae","actinomorphic"
"Calystegia japonica","Calystegia japonica","Convolvulaceae","actinomorphic"
"Calystegia sepium","Calystegia sepium","Convolvulaceae","actinomorphic"
"Convolvulus althaeoides","Convolvulus althaeoides","Convolvulaceae","actinomorphic"
"Convolvulus arvensis","Convolvulus arvensis","Convolvulaceae","actinomorphic"
"Convolvulus cantabrica","Convolvulus cantabrica","Convolvulaceae","actinomorphic"
"Convolvulus floridus","Convolvulus floridus","Convolvulaceae","actinomorphic"
"Convolvulus sepium","Convolvulus sepium","Convolvulaceae","actinomorphic"
"Convolvulus sp1 M_PL_050","Convolvulus","Convolvulaceae","actinomorphic"
"Cuscuta cephalanthi","Cuscuta cephalanthi","Convolvulaceae","actinomorphic"
"Cuscuta glomerata","Cuscuta glomerata","Convolvulaceae","actinomorphic"
"Evolvulus nummularius","Evolvulus nummularius","Convolvulaceae","actinomorphic"
"Ipomoea acuminata","Ipomoea acuminata","Convolvulaceae","actinomorphic"
"Ipomoea hederacea","Ipomoea hederacea","Convolvulaceae","actinomorphic"
"Ipomoea indica","Ipomoea indica","Convolvulaceae","actinomorphic"
"Ipomoea macrantha","Ipomoea macrantha","Convolvulaceae","actinomorphic"
"Ipomoea pandurata","Ipomoea pandurata","Convolvulaceae","actinomorphic"
"Ipomoea pes-caprae","Ipomoea pes-caprae","Convolvulaceae","actinomorphic"
"Ipomoea purpurea","Ipomoea purpurea","Convolvulaceae","actinomorphic"
"Ipomoea quamoclit","Ipomoea quamoclit","Convolvulaceae","actinomorphic"
"Ipomoea sp1 M_PL_026","Ipomoea","Convolvulaceae","actinomorphic"
"Ipomoea tiliacea","Ipomoea tiliacea","Convolvulaceae","actinomorphic"
"Ipomoea wolcottiana","Ipomoea wolcottiana","Convolvulaceae","actinomorphic"
"Merremia umbellata","Merremia umbellata","Convolvulaceae","actinomorphic"
"Cordia gerascanthus","Cordia gerascanthus","Cordiaceae","actinomorphic"
"Cordia leucophlyctis","Cordia leucophlyctis","Cordiaceae","actinomorphic"
"Cordia lutea","Cordia lutea","Cordiaceae","actinomorphic"
"Cordia martinicensis","Cordia martinicensis","Cordiaceae","actinomorphic"
"Cordia revoluta","Cordia revoluta","Cordiaceae","actinomorphic"
"Cordia sebestena","Cordia sebestena","Cordiaceae","actinomorphic"
"Cordia seleriana","Cordia seleriana","Cordiaceae","actinomorphic"
"Cordia sp1 M_PL_026","Cordia","Cordiaceae","actinomorphic"
"Alangium platanifolium","Alangium platanifolium","Cornaceae","actinomorphic"
"Benthamidia japonica","Benthamidia japonica","Cornaceae","actinomorphic"
"Cornus amomum","Cornus amomum","Cornaceae","actinomorphic"
"Cornus canadensis","Cornus canadensis","Cornaceae","actinomorphic"
"Cornus florida","Cornus florida","Cornaceae","actinomorphic"
"Swida controversa","Swida controversa","Cornaceae","actinomorphic"
"Costus scaber","Costus scaber","Costaceae","actinomorphic"
"Aichryson laxum","Aichryson laxum","Crassulaceae","actinomorphic"
"Rhodiola rosea","Rhodiola rosea","Crassulaceae","actinomorphic"
"Sedum aizoon","Sedum aizoon","Crassulaceae","actinomorphic"
"Sedum formosanum","Sedum formosanum","Crassulaceae","actinomorphic"
"Sedum sediforme","Sedum sediforme","Crassulaceae","actinomorphic"
"Sedum stenopetalum","Sedum stenopetalum","Crassulaceae","actinomorphic"
"Cucurbita pepo","Cucurbita pepo","Cucurbitaceae","actinomorphic"
"Ecballium elaterium","Ecballium elaterium","Cucurbitaceae","actinomorphic"
"Echinocystis lobata","Echinocystis lobata","Cucurbitaceae","actinomorphic"
"Momordica charantia","Momordica charantia","Cucurbitaceae","actinomorphic"
"Sicyos angulatus","Sicyos angulatus","Cucurbitaceae","actinomorphic"
"Caldcluvia paniculata","Caldcluvia paniculata","Cunoniaceae","actinomorphic"
"Eucryphia cordifolia","Eucryphia cordifolia","Cunoniaceae","actinomorphic"
"Carex curvicollis","Carex curvicollis","Cyperaceae",NA
"Scirpus triqueter","Scirpus triqueter","Cyperaceae",NA
"Scleria terrestris","Scleria terrestris","Cyperaceae",NA
"Cyrilla racemiflora","Cyrilla racemiflora","Cyrillaceae","actinomorphic"
"Diapensia lapponica","Diapensia lapponica","Diapensiaceae","actinomorphic"
"Weigela japonica","Weigela japonica","Diervillaceae","actinomorphic"
"Dillenia suffruticosa","Dillenia suffruticosa","Dilleniaceae","actinomorphic"
"Inga sp1 M_PL_069_02","Inga","Dinophysiaceae","actinomorphic"
"Diospyros revaughanii","Diospyros revaughanii","Ebenaceae","actinomorphic"
"Diospyros virginiana","Diospyros virginiana","Ebenaceae","actinomorphic"
"Bourreria succulenta","Bourreria succulenta","Ehretiaceae","actinomorphic"
"Ehretia tinifolia","Ehretia tinifolia","Ehretiaceae","actinomorphic"
"Elaeagnus multiflora","Elaeagnus multiflora","Elaeagnaceae","actinomorphic"
"Aristotelia chilensis","Aristotelia chilensis","Elaeocarpaceae","actinomorphic"
"Elaeocarpus japonicus","Elaeocarpus japonicus","Elaeocarpaceae","actinomorphic"
"Elaeocarpus sylvestris","Elaeocarpus sylvestris","Elaeocarpaceae","actinomorphic"
"Mimulus sp1 M_PL_023","Mimulus","Epialtidae","zygomorphic"
"Agauria salicifolia","Agauria salicifolia","Ericaceae","actinomorphic"
"Andromeda glaucophylla","Andromeda glaucophylla","Ericaceae","actinomorphic"
"Arctostaphylus uva-ursi","Arctostaphylos uva-ursi","Ericaceae","actinomorphic"
"Bejaria aestuans","Bejaria aestuans","Ericaceae","actinomorphic"
"Calluna vulgaris","Calluna vulgaris","Ericaceae","actinomorphic"
"Cassiope hypnoides","Cassiope hypnoides","Ericaceae","actinomorphic"
"Cassiope tetragona","Cassiope tetragona","Ericaceae","actinomorphic"
"Chamaedaphne calyculata","Chamaedaphne calyculata","Ericaceae","actinomorphic"
"Chimaphila umbellata","Chimaphila umbellata","Ericaceae","actinomorphic"
"Disterigma codonanthum","Disterigma codonanthum","Ericaceae","actinomorphic"
"Disterigma sp1 M_PL_068","Disterigma","Ericaceae","actinomorphic"
"Dracophyllum pronum","Dracophyllum pronum","Ericaceae","actinomorphic"
"Dracuphyllum acerosum","Dracophyllum acerosum","Ericaceae","actinomorphic"
"Empetrum nigrum","Empetrum nigrum","Ericaceae","actinomorphic"
"Enkianthus campanulatus","Enkianthus campanulatus","Ericaceae","actinomorphic"
"Enkianthus perulatus","Enkianthus perulatus","Ericaceae","actinomorphic"
"Epacris microphylla","Epacris microphylla","Ericaceae","actinomorphic"
"Epacris petrophila","Epacris petrophila","Ericaceae","actinomorphic"
"Erica arborea","Erica arborea","Ericaceae","actinomorphic"
"Erica ciliaris","Erica ciliaris","Ericaceae","actinomorphic"
"Erica manipuliflora","Erica manipuliflora","Ericaceae","actinomorphic"
"Erica tetralix","Erica tetralix","Ericaceae","actinomorphic"
"Gaultheria erecta","Gaultheria erecta","Ericaceae","actinomorphic"
"Gaultheria insipida","Gaultheria insipida","Ericaceae","actinomorphic"
"Gaultheria mucronata","Gaultheria mucronata","Ericaceae","actinomorphic"
"Gaultheria phillyreifolia","Gaultheria phillyreifolia","Ericaceae","actinomorphic"
"Gaylussacia baccata","Gaylussacia baccata","Ericaceae","actinomorphic"
"Gaylussacia brasiliensis","Gaylussacia brasiliensis","Ericaceae","actinomorphic"
"Kalmia angustifolia","Kalmia angustifolia","Ericaceae","actinomorphic"
"Kalmia polifolia","Kalmia polifolia","Ericaceae","actinomorphic"
"Ledum groenlandicum","Ledum groenlandicum","Ericaceae","actinomorphic"
"Ledum palustre","Ledum palustre","Ericaceae","actinomorphic"
"Leucopogon montanus","Leucopogon montanus","Ericaceae","actinomorphic"
"Lyonia ovalifolia","Lyonia ovalifolia","Ericaceae","actinomorphic"
"Macleania rupestris","Macleania rupestris","Ericaceae","actinomorphic"
"Menziesia pentandra","Menziesia pentandra","Ericaceae","actinomorphic"
"Notopora schomburgkii","Notopora schomburgkii","Ericaceae","actinomorphic"
"Pentachondra pumila","Pentachondra pumila","Ericaceae","actinomorphic"
"Pernettya prostrata","Pernettya prostrata","Ericaceae","actinomorphic"
"Pieris japonica","Pieris japonica","Ericaceae","actinomorphic"
"Pyrola alpina","Pyrola alpina","Ericaceae","actinomorphic"
"Pyrola grandiflora","Pyrola grandiflora","Ericaceae","actinomorphic"
"Pyrola incarnata","Pyrola incarnata","Ericaceae","actinomorphic"
"Pyrola secunda","Pyrola secunda","Ericaceae","actinomorphic"
"Rhododendron degronianum","Rhododendron degronianum","Ericaceae","actinomorphic"
"Rhododendron kaempferi","Rhododendron kaempferi","Ericaceae","actinomorphic"
"Rhododendron kiusuanum","Rhododendron kiusianum","Ericaceae","actinomorphic"
"Rhododendron lapponicum","Rhododendron lapponicum","Ericaceae","actinomorphic"
"Rhododendron macrosepalum","Rhododendron macrosepalum","Ericaceae","actinomorphic"
"Rhododendron reticulatum","Rhododendron reticulatum","Ericaceae","actinomorphic"
"Rhododendron tashiroi","Rhododendron tashiroi","Ericaceae","actinomorphic"
"Rhododendron wadanum","Rhododendron wadanum","Ericaceae","actinomorphic"
"Richea continentis","Richea continentis","Ericaceae","actinomorphic"
"Satyria panurensis","Satyria panurensis","Ericaceae","actinomorphic"
"Vaccinium floribundum","Vaccinium floribundum","Ericaceae","actinomorphic"
"Vaccinium myrtilloides","Vaccinium myrtilloides","Ericaceae","actinomorphic"
"Vaccinium myrtillus","Vaccinium myrtillus","Ericaceae","actinomorphic"
"Vaccinium uliginosum","Vaccinium uliginosum","Ericaceae","actinomorphic"
"Vaccinium vitis-idaea","Vaccinium vitis-idaea","Ericaceae","actinomorphic"
"Vaccinium wrightii","Vaccinium wrightii","Ericaceae","actinomorphic"
"Argythamnia candicans","Argythamnia candicans","Euphorbiaceae","actinomorphic"
"Cordemoya integrifolia","Cordemoya integrifolia","Euphorbiaceae","actinomorphic"
"Craspedia sp1 M_PL_019","Craspedia","Euphorbiaceae","actinomorphic"
"Croton blanchetianus","Croton blanchetianus","Euphorbiaceae","actinomorphic"
"Croton flavens","Croton flavens","Euphorbiaceae","actinomorphic"
"Croton fothergillifolius","Croton fothergillifolius","Euphorbiaceae","actinomorphic"
"Croton grangeroides","Croton grangerioides","Euphorbiaceae","actinomorphic"
"Croton hirtus","Croton hirtus","Euphorbiaceae","actinomorphic"
"Croton scouleri","Croton scouleri","Euphorbiaceae","actinomorphic"
"Euphorbia acanthothamnos","Euphorbia acanthothamnos","Euphorbiaceae","actinomorphic"
"Euphorbia canariensis","Euphorbia canariensis","Euphorbiaceae","actinomorphic"
"Euphorbia corollata","Euphorbia corollata","Euphorbiaceae","actinomorphic"
"Euphorbia cyathophora","Euphorbia cyathophora","Euphorbiaceae","actinomorphic"
"Euphorbia heterophylla","Euphorbia heterophylla","Euphorbiaceae","actinomorphic"
"Euphorbia hyssopifolia","Euphorbia hyssopifolia","Euphorbiaceae","actinomorphic"
"Euphorbia portulacoides","Euphorbia portulacoides","Euphorbiaceae","actinomorphic"
"Euphorbia pyrifolia","Euphorbia pyrifolia","Euphorbiaceae","actinomorphic"
"Euphorbia segatalis","Euphorbia segetalis","Euphorbiaceae","actinomorphic"
"Homalanthus populifolius","Homalanthus populifolius","Euphorbiaceae","actinomorphic"
"Mallotus japonicus","Mallotus japonicus","Euphorbiaceae","actinomorphic"
"Stillingia lineata","Stillingia lineata","Euphorbiaceae","actinomorphic"
"Euptelea polyandra","Euptelea polyandra","Eupteleaceae","actinomorphic"
"Acacia macracantha","Acacia macracantha","Fabaceae","actinomorphic"
"Adenocarpus viscosus","Adenocarpus viscosus","Fabaceae","zygomorphic"
"Adesmia exilis","Adesmia exilis","Fabaceae","zygomorphic"
"Adesmia glomerula","Adesmia glomerula","Fabaceae","zygomorphic"
"Adesmia retrofracta","Adesmia retrofracta","Fabaceae","zygomorphic"
"Aeschynomene indica","Aeschynomene indica","Fabaceae","zygomorphic"
"Aeschynomene pratensis","Aeschynomene pratensis","Fabaceae","zygomorphic"
"Albizzia julibrissin","Albizzia julibrissin","Fabaceae","actinomorphic"
"Alpinia sp1 M_PL_044","Alpinia","Fabaceae","zygomorphic"
"Amorpha canescens","Amorpha canescens","Fabaceae","zygomorphic"
"Amorpha fruticosa","Amorpha fruticosa","Fabaceae","zygomorphic"
"Amphicarpaea bracteata","Amphicarpaea bracteata","Fabaceae","zygomorphic"
"Anadenanthera macrocarpa","Anadenanthera macrocarpa","Fabaceae","actinomorphic"
"Anarthrophyllum cumingii","Anarthrophyllum cumingii","Fabaceae","zygomorphic"
"Anthyllis hermanniae","Anthyllis hermanniae","Fabaceae","zygomorphic"
"Astragalus alpinus","Astragalus alpinus","Fabaceae","zygomorphic"
"Astragalus canadensis","Astragalus canadensis","Fabaceae","zygomorphic"
"Astragalus cruckshanksii","Astragalus cruckshanksii","Fabaceae","zygomorphic"
"Astragalus curvicaulis","Astragalus curvicaulis","Fabaceae","zygomorphic"
"Astragalus monspessulanus","Astragalus monspessulanus","Fabaceae","zygomorphic"
"Astragalus nivicola","Astragalus nivicola","Fabaceae","zygomorphic"
"Astragalus sinicus","Astragalus sinicus","Fabaceae","zygomorphic"
"Astragalus sp1 M_PL_001","Astragalus","Fabaceae","zygomorphic"
"Baptisia bracteata","Baptisia bracteata","Fabaceae","zygomorphic"
"Baptisia leucantha","Baptisia leucantha","Fabaceae","zygomorphic"
"Bauhinia cheilantha","Bauhinia cheilantha","Fabaceae","zygomorphic"
"Bauhinia divaricata","Bauhinia divaricata","Fabaceae","zygomorphic"
"Bauhinia japonica","Bauhinia japonica","Fabaceae","zygomorphic"
"Bituminaria bituminosa","Bituminaria bituminosa","Fabaceae","zygomorphic"
"Caesalpinia pulcherrima","Caesalpinia pulcherrima","Fabaceae","zygomorphic"
"Caesalpinia pyramidalis","Caesalpinia pyramidalis","Fabaceae","zygomorphic"
"Calliandra tergemina","Calliandra tergemina","Fabaceae","actinomorphic"
"Canavalia lineata","Canavalia lineata","Fabaceae","zygomorphic"
"Cassia occidentalis","Cassia occidentalis","Fabaceae","zygomorphic"
"Cassia sp1 M_PL_035","Cassia","Fabaceae","zygomorphic"
"Centrosema virginianum","Centrosema virginianum","Fabaceae","zygomorphic"
"Cercis canadensis","Cercis canadensis","Fabaceae","zygomorphic"
"Cercis siliquastrum","Cercis siliquastrum","Fabaceae","zygomorphic"
"Chamaecrista glandulosa","Chamaecrista glandulosa","Fabaceae","zygomorphic"
"Cladrastis sikokiana","Cladrastis sikokiana","Fabaceae","zygomorphic"
"Crotalaria incana","Crotalaria incana","Fabaceae","zygomorphic"
"Crotalaria sagittalis","Crotalaria sagittalis","Fabaceae","zygomorphic"
"Crotalaria verrucosa","Crotalaria verrucosa","Fabaceae","zygomorphic"
"Cytisus grandiflorus","Cytisus grandiflorus","Fabaceae","zygomorphic"
"Cytisus scoparius","Cytisus scoparius","Fabaceae","zygomorphic"
"Desmodium adscendens","Desmodium adscendens","Fabaceae","zygomorphic"
"Desmodium barbatum","Desmodium barbatum","Fabaceae","zygomorphic"
"Desmodium canadense","Desmodium canadense","Fabaceae","zygomorphic"
"Desmodium canescens","Desmodium canescens","Fabaceae","zygomorphic"
"Desmodium dillenii","Desmodium dillenii","Fabaceae","zygomorphic"
"Desmodium illinoense","Desmodium illinoense","Fabaceae","zygomorphic"
"Desmodium marilandicum","Desmodium marilandicum","Fabaceae","zygomorphic"
"Desmodium paniculatum","Desmodium paniculatum","Fabaceae","zygomorphic"
"Desmodium podocarpum","Desmodium podocarpum","Fabaceae","zygomorphic"
"Desmodium sessilifolium","Desmodium sessilifolium","Fabaceae","zygomorphic"
"Dioclea grandiflora","Dioclea grandiflora","Fabaceae","zygomorphic"
"Dorychnium pentaphylum","Dorycnium pentaphyllum","Fabaceae","zygomorphic"
"Ebenus sibthorpii","Ebenus sibthorpii","Fabaceae","zygomorphic"
"Erythrina speciosa","Erythrina speciosa","Fabaceae","zygomorphic"
"Genista anglica","Genista anglica","Fabaceae","zygomorphic"
"Genista pilosa","Genista pilosa","Fabaceae","zygomorphic"
"Geoffroea spinosa","Geoffroea spinosa","Fabaceae","zygomorphic"
"Gleditsia triacanthos","Gleditsia triacanthos","Fabaceae","zygomorphic"
"Gymnocladus dioica","Gymnocladus dioica","Fabaceae","zygomorphic"
"Indigofera tinctoria","Indigofera tinctoria","Fabaceae","zygomorphic"
"Inga edulis","Inga edulis","Fabaceae","zygomorphic"
"Lathyrus cicera","Lathyrus cicera","Fabaceae","zygomorphic"
"Lathyrus clymenum","Lathyrus clymenum","Fabaceae","zygomorphic"
"Lathyrus crassipes","Lathyrus crassipes","Fabaceae","zygomorphic"
"Lathyrus nervosus","Lathyrus nervosus","Fabaceae","zygomorphic"
"Lathyrus pratensis","Lathyrus pratensis","Fabaceae","zygomorphic"
"Lathyrus pubescens","Lathyrus pubescens","Fabaceae","zygomorphic"
"Lathyrus sp1 M_PL_023","Lathyrus","Fabaceae","zygomorphic"
"Lathyrus subandinus","Lathyrus subandinus","Fabaceae","zygomorphic"
"Lespedeza bicolor","Lespedeza bicolor","Fabaceae","zygomorphic"
"Lespedeza capitata","Lespedeza capitata","Fabaceae","zygomorphic"
"Lespedeza procumbens","Lespedeza procumbens","Fabaceae","zygomorphic"
"Lespedeza thunbergii","Lespedeza thunbergii","Fabaceae","zygomorphic"
"Lespedeza virginica","Lespedeza virginica","Fabaceae","zygomorphic"
"Leucaena leucocephala","Leucaena leucocephala","Fabaceae","zygomorphic"
"Lotus corniculatus","Lotus corniculatus","Fabaceae","zygomorphic"
"Lotus glaucus","Lotus glaucus","Fabaceae","zygomorphic"
"Lotus uliginosus","Lotus uliginosus","Fabaceae","zygomorphic"
"Lupinus microcarpus","Lupinus microcarpus","Fabaceae","zygomorphic"
"Lupinus polyphyllus","Lupinus polyphyllus","Fabaceae","zygomorphic"
"Maackia tashiroi","Maackia tashiroi","Fabaceae","zygomorphic"
"Medicago lupulina","Medicago lupulina","Fabaceae","zygomorphic"
"Melilotus alba","Melilotus alba","Fabaceae","zygomorphic"
"Melilotus albus","Melilotus albus","Fabaceae","zygomorphic"
"Melilotus officinalis","Melilotus officinalis","Fabaceae","zygomorphic"
"Mimosa camporum","Mimosa camporum","Fabaceae","zygomorphic"
"Mimosa casta","Mimosa casta","Fabaceae","zygomorphic"
"Mimosa pudica","Mimosa pudica","Fabaceae","zygomorphic"
"Ononis ornithopioides","Ononis ornithopodioides","Fabaceae","zygomorphic"
"Oxylobium ellipticum","Oxylobium ellipticum","Fabaceae","zygomorphic"
"Oxytropis arctica","Oxytropis arctica","Fabaceae","zygomorphic"
"Paraserianthes falcataria","Paraserianthes falcataria","Fabaceae","zygomorphic"
"Parkinsonia aculeata","Parkinsonia aculeata","Fabaceae","zygomorphic"
"Petalostemon purpureus","Petalostemon purpureus","Fabaceae","zygomorphic"
"Piscidia carthagenesis","Piscidia carthagenensis","Fabaceae","zygomorphic"
"Piscidia piscipula","Piscidia piscipula","Fabaceae","zygomorphic"
"Prosopis juliflora","Prosopis juliflora","Fabaceae","actinomorphic"
"Psoralea bituminosa","Psoralea bituminosa","Fabaceae","zygomorphic"
"Psoralea onobrychis","Psoralea onobrychis","Fabaceae","zygomorphic"
"Rhynchosia minima","Rhynchosia minima","Fabaceae","zygomorphic"
"Robinia pseudacacia","Robinia pseudacacia","Fabaceae","zygomorphic"
"Sophora flavescens","Sophora flavescens","Fabaceae","zygomorphic"
"Spartium junceum","Spartium junceum","Fabaceae","zygomorphic"
"Spartocytisus supranubius","Spartocytisus supranubius","Fabaceae","zygomorphic"
"Stauracanthus genistoides","Stauracanthus genistoides","Fabaceae","zygomorphic"
"Strophostyles helvola","Strophostyles helvola","Fabaceae","zygomorphic"
"Stylosanthes biflora","Stylosanthes biflora","Fabaceae","zygomorphic"
"Stylosanthes hamata","Stylosanthes hamata","Fabaceae","zygomorphic"
"Tephrosia virginiana","Tephrosia virginiana","Fabaceae","zygomorphic"
"Thermopsis montana","Thermopsis montana","Fabaceae","zygomorphic"
"Trifolium arvense","Trifolium arvense","Fabaceae","zygomorphic"
"Trifolium campestre","Trifolium campestre","Fabaceae","zygomorphic"
"Trifolium dasyphyllum","Trifolium dasyphyllum","Fabaceae","zygomorphic"
"Trifolium dubium","Trifolium dubium","Fabaceae","zygomorphic"
"Trifolium hybridum","Trifolium hybridum","Fabaceae","zygomorphic"
"Trifolium pratense","Trifolium pratense","Fabaceae","zygomorphic"
"Trifolium reflexum","Trifolium reflexum","Fabaceae","zygomorphic"
"Trifolium repens","Trifolium repens","Fabaceae","zygomorphic"
"Trifolium stellatum","Trifolium stellatum","Fabaceae","zygomorphic"
"Ulex minor","Ulex minor","Fabaceae","zygomorphic"
"Ulex parviflorus","Ulex parviflorus","Fabaceae","zygomorphic"
"Vicea lutea","Vicia lutea","Fabaceae","zygomorphic"
"Vicia cracca","Vicia cracca","Fabaceae","zygomorphic"
"Vicia hirsuta","Vicia hirsuta","Fabaceae","zygomorphic"
"Vicia nigricans","Vicia nigricans","Fabaceae","zygomorphic"
"Vicia sativa","Vicia sativa","Fabaceae","zygomorphic"
"Vicia sepium","Vicia sepium","Fabaceae","zygomorphic"
"Vicia unijuga","Vicia unijuga","Fabaceae","zygomorphic"
"Vicia venosa","Vicia venosa","Fabaceae","zygomorphic"
"Vigna luteola","Vigna luteola","Fabaceae","zygomorphic"
"Vigna marina","Vigna marina","Fabaceae","zygomorphic"
"Wisteria floribunda","Wisteria floribunda","Fabaceae","zygomorphic"
"Zygia lathetica","Zygia lathetica","Fabaceae","zygomorphic"
"Castanea crenata","Castanea crenata","Fagaceae","zygomorphic"
"Castanopsis sieboldii","Castanopsis sieboldii","Fagaceae","zygomorphic"
"Quercus dentata","Quercus dentata","Fagaceae","zygomorphic"
"Flagellaria indica","Flagellaria indica","Flagellariaceae","actinomorphic"
"Viviania marifolia","Viviania marifolia","Francoaceae","actinomorphic"
"Aucuba japonica","Aucuba japonica","Garryaceae","actinomorphic"
"Frasera speciosa","Frasera speciosa","Gentianaceae","actinomorphic"
"Gentiana andrewsii","Gentiana andrewsii","Gentianaceae","actinomorphic"
"Gentiana parryi","Gentiana parryi","Gentianaceae","actinomorphic"
"Gentiana zollingeri","Gentiana zollingeri","Gentianaceae","actinomorphic"
"Gentianella diemensis","Gentianella diemensis","Gentianaceae","actinomorphic"
"Irlbachia nemorosa","Irlbachia nemorosa","Gentianaceae","actinomorphic"
"Macrocarpaea rubra","Macrocarpaea rubra","Gentianaceae","actinomorphic"
"Swertia bimaculata","Swertia bimaculata","Gentianaceae","actinomorphic"
"Swertia japonica","Swertia japonica","Gentianaceae","actinomorphic"
"Tachia occidentalis","Tachia occidentalis","Gentianaceae","actinomorphic"
"Tripterospermum japonicum","Tripterospermum japonicum","Gentianaceae","actinomorphic"
"Erodium cicutarium","Erodium cicutarium","Geraniaceae","actinomorphic"
"Erodium malacoides","Erodium malacoides","Geraniaceae","actinomorphic"
"Geranium caespitosum","Geranium caespitosum","Geraniaceae","actinomorphic"
"Geranium canariense","Geranium canariense","Geraniaceae","actinomorphic"
"Geranium carolinianum","Geranium carolinianum","Geraniaceae","actinomorphic"
"Geranium maculatum","Geranium maculatum","Geraniaceae","actinomorphic"
"Geranium nepalense","Geranium nepalense","Geraniaceae","actinomorphic"
"Geranium robertianum","Geranium robertianum","Geraniaceae","actinomorphic"
"Geranium rotundifolium","Geranium rotundifolium","Geraniaceae","actinomorphic"
"Geranium shikokianum","Geranium shikokianum","Geraniaceae","actinomorphic"
"Alloplectus savanarum","Alloplectus savannarum","Gesneriaceae","zygomorphic"
"Asteranthera ovata","Asteranthera ovata","Gesneriaceae","actinomorphic"
"Besleria longimucronata","Besleria longimucronata","Gesneriaceae","actinomorphic"
"Columnea ericae","Columnea ericae","Gesneriaceae","zygomorphic"
"Drymonia semicordata","Drymonia semicordata","Gesneriaceae","actinomorphic"
"Mitraria coccinea","Mitraria coccinea","Gesneriaceae","actinomorphic"
"Nematanthus australis","Nematanthus australis","Gesneriaceae","zygomorphic"
"Nematanthus crassifolius","Nematanthus crassifolius","Gesneriaceae","zygomorphic"
"Nematanthus fluminensis","Nematanthus fluminensis","Gesneriaceae","zygomorphic"
"Nematanthus fornix","Nematanthus fornix","Gesneriaceae","zygomorphic"
"Nematanthus fritschii","Nematanthus fritschii","Gesneriaceae","zygomorphic"
"Nematanthus gregarius","Nematanthus gregarius","Gesneriaceae","zygomorphic"
"Nematanthus lanceolatus","Nematanthus lanceolatus","Gesneriaceae","zygomorphic"
"Nematanthus sericeus","Nematanthus sericeus","Gesneriaceae","zygomorphic"
"Nematanthus sp1 M_PL_063","Nematanthus","Gesneriaceae","zygomorphic"
"Rhynchotechum discolor","Rhynchotechum discolor","Gesneriaceae","actinomorphic"
"Sinningia cooperi","Sinningia cooperi","Gesneriaceae","actinomorphic"
"Sinningia douglasii","Sinningia douglasii","Gesneriaceae","actinomorphic"
"Sinningia elatior","Sinningia elatior","Gesneriaceae","actinomorphic"
"Sinningia gigantifolia","Sinningia gigantifolia","Gesneriaceae","actinomorphic"
"Sinningia glazioviana","Sinningia glazioviana","Gesneriaceae","actinomorphic"
"Sinningia sp1 M_PL_030","Sinningia","Gesneriaceae","actinomorphic"
"Scaevola frutescens","Scaevola frutescens","Goodeniaceae","actinomorphic"
"Scaevola sericea","Scaevola sericea","Goodeniaceae","actinomorphic"
"Ribes magellanicum","Ribes magellanicum","Grossulariaceae","actinomorphic"
"Ribes maximowiczianum","Ribes maximowiczianum","Grossulariaceae","actinomorphic"
"Heliconia farinosa","Heliconia farinosa","Heliconiaceae","zygomorphic"
"Heliconia psittacorum","Heliconia psittacorum","Heliconiaceae","zygomorphic"
"Heliconia simulans","Heliconia","Heliconiaceae","zygomorphic"
"Heliconia tarumaensis","Heliconia tarumaensis","Heliconiaceae","zygomorphic"
"Ceballosia fruticosa","Ceballosia fruticosa","Heliotropiaceae","actinomorphic"
"Heliotropium europaeum","Heliotropium europaeum","Heliotropiaceae","actinomorphic"
"Heliotropium hirsutissimum","Heliotropium hirsutissimum","Heliotropiaceae","actinomorphic"
"Tournefortia psilostachya","Tournefortia psilostachya","Heliotropiaceae","actinomorphic"
"Humiria balsamifera","Humiria balsamifera","Humiriaceae","actinomorphic"
"Muscari neglectum","Muscari neglectum","Hyacinthaceae","actinomorphic"
"Scilla autumnalis","Scilla autumnalis","Hyacinthaceae","actinomorphic"
"Urginea maritima","Urginea maritima","Hyacinthaceae","actinomorphic"
"Cardiandra alternifolia","Cardiandra alternifolia","Hydrangeaceae","actinomorphic"
"Deutzia crenata","Deutzia crenata","Hydrangeaceae","actinomorphic"
"Deutzia gracilis","Deutzia gracilis","Hydrangeaceae","actinomorphic"
"Deutzia maximowicziana","Deutzia maximowicziana","Hydrangeaceae","actinomorphic"
"Deutzia scabra","Deutzia scabra","Hydrangeaceae","actinomorphic"
"Hydrangea arborescens","Hydrangea arborescens","Hydrangeaceae","actinomorphic"
"Hydrangea hirta","Hydrangea hirta","Hydrangeaceae","actinomorphic"
"Hydrangea luteo-venosa","Hydrangea luteo-venosa","Hydrangeaceae","actinomorphic"
"Hydrangea macrophylla","Hydrangea macrophylla","Hydrangeaceae","actinomorphic"
"Hydrangea paniculata","Hydrangea paniculata","Hydrangeaceae","actinomorphic"
"Hydrangea serrata","Hydrangea serrata","Hydrangeaceae","actinomorphic"
"Hydrangea serratifolia","Hydrangea serratifolia","Hydrangeaceae","actinomorphic"
"Jamesia americana","Jamesia americana","Hydrangeaceae","actinomorphic"
"Philadelphus coronarius","Philadelphus coronarius","Hydrangeaceae","actinomorphic"
"Philadelphus satsumi","Philadelphus satsumi","Hydrangeaceae","actinomorphic"
"Schizophragma hydrangeoides","Schizophragma hydrangeoides","Hydrangeaceae","actinomorphic"
"Hydrocharis dubia","Hydrocharis dubia","Hydrocharitaceae","actinomorphic"
"Hydrophyllum appendiculatum","Hydrophyllum appendiculatum","Hydrophyllaceae","actinomorphic"
"Hydrophyllum virginianum","Hydrophyllum virginianum","Hydrophyllaceae","actinomorphic"
"Phacelia heterophylla","Phacelia heterophylla","Hydrophyllaceae","actinomorphic"
"Phacelia secunda","Phacelia secunda","Hydrophyllaceae","actinomorphic"
"Harungana madagascariensis","Harungana madagascariensis","Hypericaceae","actinomorphic"
"Hypericum ascyron","Hypericum ascyron","Hypericaceae","actinomorphic"
"Hypericum cistifolium","Hypericum cistifolium","Hypericaceae","actinomorphic"
"Hypericum connatum","Hypericum connatum","Hypericaceae","actinomorphic"
"Hypericum empetrifolium","Hypericum empetrifolium","Hypericaceae","actinomorphic"
"Hypericum erectum","Hypericum erectum","Hypericaceae","actinomorphic"
"Hypericum grandifolium","Hypericum grandifolium","Hypericaceae","actinomorphic"
"Hypericum patulum","Hypericum patulum","Hypericaceae","actinomorphic"
"Hypericum perfolatum","Hypericum perfoliatum","Hypericaceae","actinomorphic"
"Hypericum perforatum","Hypericum perforatum","Hypericaceae","actinomorphic"
"Hypericum pseudopetiolatum","Hypericum pseudopetiolatum","Hypericaceae","actinomorphic"
"Hypericum punctatum","Hypericum punctatum","Hypericaceae","actinomorphic"
"Hypericum triquetrifolium","Hypericum triquetrifolium","Hypericaceae","actinomorphic"
"Hypoxis hirsuta","Hypoxis hirsuta","Hypoxidaceae","actinomorphic"
"Alophia lahue","Alophia lahue","Iridaceae","actinomorphic"
"Belamcanda chinensis","Belamcanda chinensis","Iridaceae","actinomorphic"
"Crocus cancellatus","Crocus cancellatus","Iridaceae","actinomorphic"
"Crocus laevigatus","Crocus laevigatus","Iridaceae","actinomorphic"
"Freesia sp1 M_PL_036","Freesia","Iridaceae","actinomorphic"
"Iris hexagona","Iris hexagona","Iridaceae","actinomorphic"
"Iris japonica","Iris japonica","Iridaceae","actinomorphic"
"Iris missouriensis","Iris missouriensis","Iridaceae","actinomorphic"
"Iris pseudacorus","Iris pseudacorus","Iridaceae","actinomorphic"
"Iris pumila","Iris pumila","Iridaceae","actinomorphic"
"Iris rossii","Iris rossii","Iridaceae","actinomorphic"
"Iris sanguinea","Iris sanguinea","Iridaceae","actinomorphic"
"Iris versicolor","Iris versicolor","Iridaceae","actinomorphic"
"Sisyrinchium angustifolium","Sisyrinchium angustifolium","Iridaceae","actinomorphic"
"Sisyrinchium arenarium","Sisyrinchium arenarium","Iridaceae","actinomorphic"
"Sisyrinchium iridifolium","Sisyrinchium iridifolium","Iridaceae","actinomorphic"
"Sisyrinchium junceum","Sisyrinchium junceum","Iridaceae","actinomorphic"
"Itea parviflora","Itea parviflora","Iteaceae","actinomorphic"
"Juncus effusus","Juncus effusus","Juncaceae","actinomorphic"
"Luzula capitata","Luzula capitata","Juncaceae","actinomorphic"
"Agastache nepetoides","Agastache nepetoides","Lamiaceae","zygomorphic"
"Agastache scrophulariaefolia","Agastache scrophulariaefolia","Lamiaceae","zygomorphic"
"Ajuga reptans","Ajuga reptans","Lamiaceae","zygomorphic"
"Ballota acetabulosa","Ballota acetabulosa","Lamiaceae","zygomorphic"
"Blephilia ciliata","Blephilia ciliata","Lamiaceae","zygomorphic"
"Blephilia hirsuta","Blephilia hirsuta","Lamiaceae","zygomorphic"
"Callicarpa japonica","Callicarpa japonica","Lamiaceae","zygomorphic"
"Caryopteris divaricata","Caryopteris divaricata","Lamiaceae","zygomorphic"
"Cedronella canariensis","Cedronella canariensis","Lamiaceae","zygomorphic"
"Clerodendron trichotomum","Clerodendron trichotomum","Lamiaceae","zygomorphic"
"Clerodendrum trichotomum","Clerodendrum trichotomum","Lamiaceae","zygomorphic"
"Clinopodium micranthum","Clinopodium micranthum","Lamiaceae","zygomorphic"
"Cornutia pyramidata","Cornutia pyramidata","Lamiaceae","zygomorphic"
"Glechoma hederacea","Glechoma hederacea","Lamiaceae","zygomorphic"
"Hedeoma pulegioides","Hedeoma pulegioides","Lamiaceae","zygomorphic"
"Hyptis conferta","Hyptis conferta","Lamiaceae","zygomorphic"
"Hyptis pectinata","Hyptis pectinata","Lamiaceae","zygomorphic"
"Isodon inflexus","Isodon inflexus","Lamiaceae","zygomorphic"
"Lamium amplexicaule","Lamium amplexicaule","Lamiaceae","zygomorphic"
"Lavandula buchii","Lavandula buchii","Lamiaceae","zygomorphic"
"Lavandula stoechas","Lavandula stoechas","Lamiaceae","zygomorphic"
"Leonurus cardiaca","Leonurus cardiaca","Lamiaceae","zygomorphic"
"Leucosceptrum stellipilum","Leucosceptrum stellipilum","Lamiaceae","zygomorphic"
"Lycopus americanus","Lycopus americanus","Lamiaceae","zygomorphic"
"Marrubium vulgare","Marrubium vulgare","Lamiaceae","zygomorphic"
"Meehania urticifolia","Meehania urticifolia","Lamiaceae","zygomorphic"
"Mentha aquatica","Mentha aquatica","Lamiaceae","zygomorphic"
"Mentha arvensis","Mentha arvensis","Lamiaceae","zygomorphic"
"Mentha longifolia","Mentha longifolia","Lamiaceae","zygomorphic"
"Monarda bradburiana","Monarda bradburiana","Lamiaceae","zygomorphic"
"Monarda fistulosa","Monarda fistulosa","Lamiaceae","zygomorphic"
"Mosla dianthera","Mosla dianthera","Lamiaceae","zygomorphic"
"Nepeta cataria","Nepeta cataria","Lamiaceae","zygomorphic"
"Phlomis fructicosa","Phlomis fruticosa","Lamiaceae","zygomorphic"
"Physostegia virginiana","Physostegia virginiana","Lamiaceae","zygomorphic"
"Prasium majus","Prasium majus","Lamiaceae","zygomorphic"
"Premna microphylla","Premna microphylla","Lamiaceae","zygomorphic"
"Premna serratifolia","Premna serratifolia","Lamiaceae","zygomorphic"
"Prostanthera cuneata","Prostanthera cuneata","Lamiaceae","zygomorphic"
"Prunella vulgaris","Prunella vulgaris","Lamiaceae","zygomorphic"
"Pycnanthemum pilosum","Pycnanthemum pilosum","Lamiaceae","zygomorphic"
"Pycnanthemum virginianum","Pycnanthemum virginianum","Lamiaceae","zygomorphic"
"Rosmarinus officinalis","Rosmarinus officinalis","Lamiaceae","zygomorphic"
"Salvia elegans","Salvia elegans","Lamiaceae","zygomorphic"
"Salvia glabrescens","Salvia glabrescens","Lamiaceae","zygomorphic"
"Salvia japonica","Salvia japonica","Lamiaceae","zygomorphic"
"Salvia mocinoi","Salvia mocinoi","Lamiaceae","zygomorphic"
"Salvia verbenaca","Salvia verbenaca","Lamiaceae","zygomorphic"
"Satureja thymbra","Satureja thymbra","Lamiaceae","zygomorphic"
"Scutellaria lateriflora","Scutellaria lateriflora","Lamiaceae","zygomorphic"
"Scutellaria parvula","Scutellaria parvula","Lamiaceae","zygomorphic"
"Scutellaria resinosa","Scutellaria resinosa","Lamiaceae","zygomorphic"
"Sideritis nervosa","Sideritis nervosa","Lamiaceae","zygomorphic"
"Stachys cretica","Stachys cretica","Lamiaceae","zygomorphic"
"Stachys palustris","Stachys palustris","Lamiaceae","zygomorphic"
"Stachys sylvatica","Stachys sylvatica","Lamiaceae","zygomorphic"
"Teucrium canadense","Teucrium canadense","Lamiaceae","zygomorphic"
"Teucrium polium","Teucrium polium","Lamiaceae","zygomorphic"
"Thymus capitatus","Thymus capitatus","Lamiaceae","zygomorphic"
"Thymus mastichina","Thymus mastichina","Lamiaceae","zygomorphic"
"Vitex cannabifolia","Vitex cannabifolia","Lamiaceae","zygomorphic"
"Vitex rotundifolia","Vitex rotundifolia","Lamiaceae","zygomorphic"
"Akebia quinata","Akebia quinata","Lardizabalaceae","actinomorphic"
"Stauntonia hexaPhylla","Stauntonia hexaphylla","Lardizabalaceae","actinomorphic"
"Appolonias barbujana","Apollonias barbujana","Lauraceae","actinomorphic"
"Cinnamomum camphora","Cinnamomum camphora","Lauraceae","actinomorphic"
"Cinnamomum doederleinii","Cinnamomum doederleinii","Lauraceae","actinomorphic"
"Cinnamomum verum","Cinnamomum verum","Lauraceae","actinomorphic"
"Laurus azorica","Laurus azorica","Lauraceae","actinomorphic"
"Lindera obtusiloba","Lindera obtusiloba","Lauraceae","actinomorphic"
"Lindera umbellata","Lindera umbellata","Lauraceae","actinomorphic"
"Litsea japonica","Litsea japonica","Lauraceae","actinomorphic"
"Machitus thunbergii","Machilus thunbergii","Lauraceae","actinomorphic"
"Nectandra coriacea","Nectandra coriacea","Lauraceae","actinomorphic"
"Persea maericana","Persea americana","Lauraceae","actinomorphic"
"Barringtonia racemosa","Barringtonia racemosa","Lecythidaceae","actinomorphic"
"Pinguicula alpina","Pinguicula alpina","Lentibulariaceae","zygomorphic"
"Calochortus gunnisoni","Calochortus gunnisoni","Liliaceae","actinomorphic"
"Clintonia borealis","Clintonia borealis","Liliaceae","actinomorphic"
"Erythronium albidum","Erythronium albidum","Liliaceae","actinomorphic"
"Erythronium umbilicatum","Erythronium umbilicatum","Liliaceae","actinomorphic"
"Fritillaria graeca","Fritillaria graeca","Liliaceae","actinomorphic"
"Gagea granatelli","Gagea granatelli","Liliaceae","actinomorphic"
"Lilium leichtlinii","Lilium leichtlinii","Liliaceae","actinomorphic"
"Lilium superbum","Lilium superbum","Liliaceae","actinomorphic"
"Medeola virginiana","Medeola virginiana","Liliaceae","actinomorphic"
"Tricyrtis hirta","Tricyrtis hirta","Liliaceae","actinomorphic"
"Linum catharticum","Linum catharticum","Linaceae","actinomorphic"
"Linum sp1 M_PL_058","Linum","Linaceae","actinomorphic"
"Linum strictum","Linum strictum","Linaceae","actinomorphic"
"Lindernia procumbens","Lindernia procumbens","Linderniaceae","zygomorphic"
"Linnaea borealis","Linnaea borealis","Linnaeaceae","actinomorphic"
"Blumenbachia insignis","Blumenbachia insignis","Loasaceae","actinomorphic"
"Caiophora coronata","Caiophora coronata","Loasaceae","actinomorphic"
"Loasa heterophylla","Loasa heterophylla","Loasaceae","actinomorphic"
"Mentzelia aspera","Mentzelia aspera","Loasaceae","actinomorphic"
"Mentzelia multiflora","Mentzelia multiflora","Loasaceae","actinomorphic"
"Scypanthus elegans","Scyphanthus elegans","Loasaceae","actinomorphic"
"Geniostoma borbonicum","Geniostoma borbonicum","Loganiaceae","actinomorphic"
"Gaiadendron punctatum","Gaiadendron punctatum","Loranthaceae","actinomorphic"
"Psittacanthus calyculatus","Psittacanthus calyculatus","Loranthaceae","actinomorphic"
"Psittacanthus flavo viridis","Psittacanthus","Loranthaceae","actinomorphic"
"Tristerix corymbosus","Tristerix corymbosus","Loranthaceae","actinomorphic"
"Tristerix longebracteatus","Tristerix longebracteatus","Loranthaceae","actinomorphic"
"Viola pseudo-japonica","Viola pseudo-japonica","Lycaenidae","zygomorphic"
"Ammannia coccinea","Ammannia coccinea","Lythraceae","actinomorphic"
"Cuphea racemosa","Cuphea racemosa","Lythraceae","actinomorphic"
"Lagerstroemia subcostata","Lagerstroemia subcostata","Lythraceae","actinomorphic"
"Lythrum alatum","Lythrum alatum","Lythraceae","actinomorphic"
"Lythrum anceps","Lythrum anceps","Lythraceae","actinomorphic"
"Lythrum salicaria","Lythrum salicaria","Lythraceae","actinomorphic"
"Pemphis acidula","Pemphis acidula","Lythraceae","actinomorphic"
"Magnolia salicifolia","Magnolia salicifolia","Magnoliaceae","actinomorphic"
"Banisteriopsis muricata","Banisteriopsis muricata","Malpighiaceae","actinomorphic"
"Banisteriopsis schizoptera","Banisteriopsis schizoptera","Malpighiaceae","actinomorphic"
"Banisteriopsis stellaris","Banisteriopsis stellaris","Malpighiaceae","actinomorphic"
"Byrsonima gardnerana","Byrsonima gardnerana","Malpighiaceae","actinomorphic"
"Byrsonima sp1 M_PL_040","Byrsonima","Malpighiaceae","actinomorphic"
"Byrsonima spicata","Byrsonima spicata","Malpighiaceae","actinomorphic"
"Carolus chasei","Carolus chasei","Malpighiaceae","actinomorphic"
"Dicella bracteosa","Dicella bracteosa","Malpighiaceae","actinomorphic"
"Diplopterys pubipetala","Diplopterys pubipetala","Malpighiaceae","actinomorphic"
"Heteropterys sp2 M_PL_059","Heteropterys","Malpighiaceae","actinomorphic"
"Janusia anisandra","Janusia anisandra","Malpighiaceae","actinomorphic"
"Malpighia glabra","Malpighia glabra","Malpighiaceae","actinomorphic"
"Stigmaphyllon auriculatum","Stigmaphyllon auriculatum","Malpighiaceae","actinomorphic"
"Stigmaphyllon ciliatum","Stigmaphyllon ciliatum","Malpighiaceae","actinomorphic"
"Stigmaphyllon diversifolium","Stigmaphyllon diversifolium","Malpighiaceae","actinomorphic"
"Stigmaphyllon paralias","Stigmaphyllon paralias","Malpighiaceae","actinomorphic"
"Abelmoschus manihot","Abelmoschus manihot","Malvaceae","actinomorphic"
"Abutilon theophrasti","Abutilon theophrasti","Malvaceae","actinomorphic"
"Alcea pallida","Alcea pallida","Malvaceae","actinomorphic"
"Bastardia viscosa","Bastardia viscosa","Malvaceae","actinomorphic"
"Ceiba aesculifolia","Ceiba aesculifolia","Malvaceae","actinomorphic"
"Ceiba glaziovii","Ceiba glaziovii","Malvaceae","actinomorphic"
"Gossypium barbadense","Gossypium barbadense","Malvaceae","actinomorphic"
"Gossypium sp1 M_PL_026","Gossypium","Malvaceae","actinomorphic"
"Guazuma ulmifolia","Guazuma ulmifolia","Malvaceae","actinomorphic"
"Heritiera littoralis","Heritiera littoralis","Malvaceae","actinomorphic"
"Hibiscus hamabo","Hibiscus hamabo","Malvaceae","actinomorphic"
"Hibiscus lasiocarpos","Hibiscus lasiocarpos","Malvaceae","actinomorphic"
"Hibiscus syriacus","Hibiscus syriacus","Malvaceae","actinomorphic"
"Hibiscus teliaceus","Hibiscus tiliaceus","Malvaceae","actinomorphic"
"Hibiscus tiliaceus","Hibiscus tiliaceus","Malvaceae","actinomorphic"
"Hibiscus trionum","Hibiscus trionum","Malvaceae","actinomorphic"
"Hoheria glabrata","Hoheria glabrata","Malvaceae","actinomorphic"
"Lecanophora heterophylla","Lecanophora heterophylla","Malvaceae","actinomorphic"
"Malva sylvestris","Malva sylvestris","Malvaceae","actinomorphic"
"Malvastrum coromandelianum","Malvastrum coromandelianum","Malvaceae","actinomorphic"
"Melochia nodiflora","Melochia nodiflora","Malvaceae","actinomorphic"
"Melochia tomentosa","Melochia tomentosa","Malvaceae","actinomorphic"
"Sida acuta","Sida acuta","Malvaceae","actinomorphic"
"Sida paniculata","Sida paniculata","Malvaceae","actinomorphic"
"Sida rhombifolia","Sida rhombifolia","Malvaceae","actinomorphic"
"Sida spinosa","Sida spinosa","Malvaceae","actinomorphic"
"Spirotheca rivieri","Spirotheca rivieri","Malvaceae","actinomorphic"
"Tarasa humilis","Tarasa humilis","Malvaceae","actinomorphic"
"Thespesia populnea","Thespesia populnea","Malvaceae","actinomorphic"
"Tilia americana","Tilia americana","Malvaceae","actinomorphic"
"Tilia japonica","Tilia japonica","Malvaceae","actinomorphic"
"Tilia miqueliana","Tilia miqueliana","Malvaceae","actinomorphic"
"Trochetia blackburniana","Trochetia blackburniana","Malvaceae","actinomorphic"
"Waltheria indica","Waltheria indica","Malvaceae","actinomorphic"
"Monotagma secundum","Monotagma secundum","Marantaceae","actinomorphic"
"Stromanthe thalia","Stromanthe thalia","Marantaceae","actinomorphic"
"Thalia geniculata","Thalia geniculata","Marantaceae","zygomorphic"
"Chionographis japonica","Chionographis japonica","Melanthiaceae","actinomorphic"
"Melanthium virginicum","Melanthium virginicum","Melanthiaceae","actinomorphic"
"Trillium catesbei","Trillium catesbaei","Melanthiaceae","actinomorphic"
"Trillium sessile","Trillium sessile","Melanthiaceae","actinomorphic"
"Trillium undulatum","Trillium undulatum","Melanthiaceae","actinomorphic"
"Veratrum maackii","Veratrum maackii","Melanthiaceae","actinomorphic"
"Blakea trinervia","Blakea trinervia","Melastomataceae","actinomorphic"
"Blastus cochinchinensis","Blastus cochinchinensis","Melastomataceae","actinomorphic"
"Brachyotum ledifolium","Brachyotum ledifolium","Melastomataceae","actinomorphic"
"Brachyotum lindenii","Brachyotum lindenii","Melastomataceae","actinomorphic"
"Brachyotum sp1 M_PL_068","Brachyotum","Melastomataceae","actinomorphic"
"Bredia hirsuta","Bredia hirsuta","Melastomataceae","actinomorphic"
"Clidemia capitellata","Clidemia capitellata","Melastomataceae","actinomorphic"
"Macairea pachyphylla","Macairea pachyphylla","Melastomataceae","actinomorphic"
"Marcetia taxifolia","Marcetia taxifolia","Melastomataceae","actinomorphic"
"Melastoma candidum","Melastoma candidum","Melastomataceae","actinomorphic"
"Memecylon ovatifolium","Memecylon ovatifolium","Melastomataceae","actinomorphic"
"Miconia ciliata","Miconia ciliata","Melastomataceae","actinomorphic"
"Miconia robinsoniana","Miconia robinsoniana","Melastomataceae","actinomorphic"
"Miconia sp1 M_PL_040","Miconia","Melastomataceae","actinomorphic"
"Miconia striata","Miconia striata","Melastomataceae","actinomorphic"
"Pterolepis glomerata","Pterolepis glomerata","Melastomataceae","actinomorphic"
"Rhynchanthera serrulata","Rhynchanthera serrulata","Melastomataceae","actinomorphic"
"Siphanthera cordifolia","Siphanthera cordifolia","Melastomataceae","actinomorphic"
"Tetrazygia angustifolia","Tetrazygia angustifolia","Melastomataceae","actinomorphic"
"Tibouchina fraterna","Tibouchina fraterna","Melastomataceae","actinomorphic"
"Tococa nitens","Tococa nitens","Melastomataceae","actinomorphic"
"Mollugo verticillata","Mollugo verticillata","Molluginaceae","actinomorphic"
"Calandrinia affinis","Calandrinia affinis","Montiaceae","actinomorphic"
"Calandrinia caespitosa","Calandrinia caespitosa","Montiaceae","actinomorphic"
"Claytonia virginica","Claytonia virginica","Montiaceae","actinomorphic"
"Montiopsis gilliesii","Montiopsis gilliesii","Montiaceae","actinomorphic"
"Neopaxia australasica","Neopaxia australasica","Montiaceae","actinomorphic"
"Musa balbisiana","Musa balbisiana","Musaceae","actinomorphic"
"Amomyrtus luma","Amomyrtus luma","Myrtaceae","actinomorphic"
"Amomyrtus meli","Amomyrtus meli","Myrtaceae","actinomorphic"
"Eugenia orbiculata","Eugenia orbiculata","Myrtaceae","actinomorphic"
"Kunzea muelleri","Kunzea muelleri","Myrtaceae","actinomorphic"
"Leptospermum scoparium","Leptospermum scoparium","Myrtaceae","actinomorphic"
"Luma apiculata","Luma apiculata","Myrtaceae","actinomorphic"
"Monimiastrum globosum","Monimiastrum globosum","Myrtaceae","actinomorphic"
"Myrceugenia ovata var. ovata","Myrceugenia ovata","Myrtaceae","actinomorphic"
"Myrceugenia parvifolia","Myrceugenia parvifolia","Myrtaceae","actinomorphic"
"Myrceugenia planipes","Myrceugenia planipes","Myrtaceae","actinomorphic"
"Myrteola nummularia","Myrteola nummularia","Myrtaceae","actinomorphic"
"Myrtus communis","Myrtus communis","Myrtaceae","actinomorphic"
"Psidium cattleianum","Psidium cattleianum","Myrtaceae","actinomorphic"
"Psidium guajava","Psidium guajava","Myrtaceae","actinomorphic"
"Psidium montanum","Psidium montanum","Myrtaceae","actinomorphic"
"Psidium sp1 M_PL_067","Psidium","Myrtaceae","actinomorphic"
"Syzygium commersonii","Syzygium commersonii","Myrtaceae","actinomorphic"
"Syzygium coriaceum","Syzygium coriaceum","Myrtaceae","actinomorphic"
"Syzygium venosum","Syzygium venosum","Myrtaceae","actinomorphic"
"Tepualia stipularis","Tepualia stipularis","Myrtaceae","actinomorphic"
"Ugni candollei","Ugni candollei","Myrtaceae","actinomorphic"
"Ugni molinae","Ugni molinae","Myrtaceae","actinomorphic"
"Abutilon bedfordianum","Abutilon bedfordianum","Malvaceae","actinomorphic"
"Abutilon depauperatum","Abutilon depauperatum","Malvaceae","actinomorphic"
"Abutilon terminale","Abutilon terminale","Malvaceae","actinomorphic"
"Acacia insulae-iacobi","Acacia insulae-iacobi","Fabaceae","actinomorphic"
"Achyrocline satureoides","Achyrocline satureoides",NA,"actinomorphic"
"Aciphylla scott-thompsoni","Aciphylla scott-thomsonii Cockayne & Allan","Apiaceae","actinomorphic"
"Actea alba","Actaea alba","Ranunculaceae","actinomorphic"
"Actinomeris alternifolia","Actinomeris alternifolia",NA,"actinomorphic"
"Adenocarpus foliosus","Adenocarpus foliolosus",NA,"zygomorphic"
"Adesmia aconcaguensis","Adesmia aconcaguensis",NA,"zygomorphic"
"Adesmia capitellata","Adesmia capitellata",NA,"zygomorphic"
"Adesmia conferta","Adesmia conferta",NA,"zygomorphic"
"Adesmia haemisphaerica","Adesmia hemisphaerica",NA,"zygomorphic"
"Adesmia montana","Adesmia montana",NA,"zygomorphic"
"Adesmia radicifolia","Adesmia radicifolia",NA,"zygomorphic"
"Aechmea chantiniii","Aechmea chantinii",NA,"actinomorphic"
"Aechmea paniculigera","Aechmea paniculigera",NA,"actinomorphic"
"Aegiphila obducta","Aegiphila obducta",NA,"actinomorphic"
"Aetheorrina bulbosa","Aetheorrhiza bulbosa",NA,"actinomorphic"
"Ageretina adenophora","Ageratina adenophora","Asteraceae","actinomorphic"
"Ajuga dictyocarpa","Ajuga dictyocarpa","Lamiaceae","zygomorphic"
"Aletris luteoviridis","Aletris luteoviridis","Nartheciaceae","actinomorphic"
"Allium recurvatum","Allium recurvatum","Alliaceae","actinomorphic"
"Amasonia arborea","Amasonia arborea","Lamiaceae","actinomorphic"
"Ampetopsis brevipedunculata","Ampelopsis brevipedunculata","Vitaceae","actinomorphic"
"Amphicarpa pitcheri","Amphicarpaea pitcheri","Fabaceae","zygomorphic"
"Anarthrophyllum gayanum","Anarthrophyllum gayanum","Fabaceae","zygomorphic"
"Angelica longeradiata","Angelica longeradiata","Apiaceae","actinomorphic"
"Antidesma joponicum","Antidesma japonicum","Euphorbiaceae","actinomorphic"
"Antidesma madagascariense","Antidesma madagascariense","Euphorbiaceae","actinomorphic"
"Aphelandra colorata","Aphelandra colorata","Acanthaceae","zygomorphic"
"Aphelandra longiflora","Aphelandra longiflora","Acanthaceae","actinomorphic"
"Aphelandra macrostachya","Aphelandra macrostachya","Acanthaceae","actinomorphic"
"Apios tuberosa","Apios tuberosa","Fabaceae","zygomorphic"
"Arabis dentata","Arabis dentata","Brassicaceae","actinomorphic"
"Arabis lyrata kamtschatica","Arabis lyrata",NA,"actinomorphic"
"Arabis virginica","Arabis virginica",NA,"actinomorphic"
"Aragalus lamberti","Aragallus lamberti",NA,"actinomorphic"
"Aralta elata","Aralia elata","Araliaceae","actinomorphic"
"Argyranthemum frutescens","Argyranthemum frutescens","Asteraceae","actinomorphic"
"Argyranthemum teneriffae","Argyranthemum teneriffae","Asteraceae","actinomorphic"
"Ascerates floridana","Asclepias tuberosa","Apocynaceae","actinomorphic"
"Ascerates viridiflora","Acerates viridiflora","Apocynaceae","actinomorphic"
"Asiminia triloba","Asimina triloba","Anonaceae","actinomorphic"
"Aster ageratoides amplexifolius","Aster ageratoides","Asteraceae","actinomorphic"
"Aster ageratoides ovatus","Aster ageratoides","Asteraceae","actinomorphic"
"Aster anomalus","Aster anomalus","Asteraceae","actinomorphic"
"Aster asa-grayi","Aster asa-grayi","Asteraceae","actinomorphic"
"Aster ericoides villosus","Aster ericoides","Asteraceae","actinomorphic"
"Aster lateriflorus","Aster lateriflorus","Asteraceae","actinomorphic"
"Aster multiflorus","Aster multiflorus","Asteraceae","actinomorphic"
"Aster paniculatus","Aster paniculatus","Asteraceae","actinomorphic"
"Aster sagittifolius","Aster sagittifolius","Asteraceae","actinomorphic"
"Aster salicifolius","Aster salicifolius","Asteraceae","actinomorphic"
"Aster turbinellus","Aster turbinellus","Asteraceae","actinomorphic"
"Asteriscium aemocarpon","Asteriscium aemocarpon","Asteraceae","actinomorphic"
"Astragalus drummondi","Astragalus drummondii","Fabaceae","zygomorphic"
"Astragalus mexicanus","Astragalus mexicanus","Fabaceae","zygomorphic"
"Azorella bolacina","Azorella bolacina","Apiaceae","actinomorphic"
"Azorella monanthos","Azorella monathos",NA,"actinomorphic"
"Baccharis articulata","Baccharis articulata",NA,"actinomorphic"
"Baccharis coridifolia","Baccharis coridifolia",NA,"actinomorphic"
"Baccharis pingraea","Baccharis pingraea",NA,"actinomorphic"
"Baccharis tandilensis","Baccharis tandilensis",NA,"actinomorphic"
"Baccharis trimera","Baccharis trimera",NA,"actinomorphic"
"Badula platiphylla","Badula platyphylla","Primulaceae","actinomorphic"
"Baeckia gunniana","Baeckea gunniana",NA,"actinomorphic"
"Bakerella hoyifolia","Bakerella hoyifolia","Loranthaceae","zygomorphic"
"Befaria glauca","Befaria glauca",NA,"actinomorphic"
"Benthamida kousa","Benthamia kousa",NA,"actinomorphic"
"Besella rubra","Basella rubra",NA,"actinomorphic"
"Besmoscelis villosa","Desmoscelis villosa",NA,"actinomorphic"
"Billbergia vitata","Billbergia vittata",NA,"actinomorphic"
"Borreria laevis","Borreria laevis",NA,"actinomorphic"
"Brachycome scapiformis","Brachyscome scapiformis",NA,"actinomorphic"
"Brachycome scapigera","Brachyscome scapigera",NA,"actinomorphic"
"Brachycome sinlcairii","Brachyscome sinclairii",NA,"actinomorphic"
"Brachycome sp1 M_PL_019","Brachycome","Asteraceae","actinomorphic"
"Brachyome sinclairii","Brachyome sinclairii","Asteraceae","actinomorphic"
"Brauneria pallida","Brauneria pallida",NA,"actinomorphic"
"Brauneria purpurea","Brauneria purpurea",NA,"actinomorphic"
"Bunchosia media","Bunchosia media",NA,"actinomorphic"
"Byrsonia coriacea","Byrsonima coriacea",NA,"actinomorphic"
"Cacabus miersii","Cacabus miersii",NA,"actinomorphic"
"Cacalia adenostyloides","Cacalia adenostyloides","Asteraceae","actinomorphic"
"Cacalia atriplicifolia","Cacalia atriplicifolia",NA,"actinomorphic"
"Cacalia delphiniifolia","Cacalia delphiniifolia",NA,"actinomorphic"
"Cacalia hastata farfaraefolia","Cacalia hastata",NA,"actinomorphic"
"Cacalia reniformis","Cacalia reniformis",NA,"actinomorphic"
"Cacalia tuberosa","Cacalia tuberosa",NA,"actinomorphic"
"Calandrinia dianthoides","Calandrinia dianthoides",NA,"actinomorphic"
"Calandrinia occulta","Calandrinia occulta",NA,"actinomorphic"
"Calandrinia picta","Calandrinia picta",NA,"actinomorphic"
"Calandrinia sericea","Calandrinia sericea",NA,"actinomorphic"
"Calandrinia uspallatensis","Calandrinia uspallatensis",NA,"actinomorphic"
"Calathea zingiberea","Calathea zingiberina",NA,"zygomorphic"
"Calceolaria arachnoides","Calceolaria arachnoides","Orchidaceae","zygomorphic"
"Calceolaria montana","Calceolaria montana","Orchidaceae","zygomorphic"
"Calea lucidivenia","Calea lucidivenia",NA,"actinomorphic"
"Callianthe rufinerva","Callianthe rufinerva",NA,"actinomorphic"
"Calophyllum eputamen","Calophyllum eputamen",NA,"actinomorphic"
"Calopogon pulchellus","Calopogon pulchellus",NA,"zygomorphic"
"Camassia esculenta","Camassia esculenta",NA,"actinomorphic"
"Campnosperma seychellarum","Campnosperma seychellarum",NA,"actinomorphic"
"Canistrum perplexum","Canistrum perplexum",NA,"actinomorphic"
"Canthium bibracteatum","Canthium bibracteatum",NA,"actinomorphic"
"Caperonia pallustris","Caperonia palustris",NA,"actinomorphic"
"Capnoides aureum","Capnoides aureum","Papaveraceae","zygomorphic"
"Capparis ferruginea","Capparis ferruginea",NA,"actinomorphic"
"Cardamine angustata angustata","Cardamine angustata",NA,"actinomorphic"
"Cardamine tyrata","Cardamine lyrata",NA,"actinomorphic"
"Cardiospermum galapageium","Cardiospermum galapageium",NA,"actinomorphic"
"Carduus hookerianus","Carduus hookerianus",NA,"actinomorphic"
"Carmichaelia angusta","Carmichaelia angusta",NA,"zygomorphic"
"Casearia coriacea","Casearia coriacea",NA,"actinomorphic"
"Cassia chamaecrista","Cassia chamaecrista","Fabaceae","zygomorphic"
"Cassia marilandica","Cassia marilandica","Fabaceae","actinomorphic"
"Cassia picta","Cassia picta","Fabaceae","zygomorphic"
"Cassinia fulvida","Cassinia fulvida",NA,"actinomorphic"
"Cassinia vauvilliersi","Cassinia vauvilliersii",NA,"actinomorphic"
"Cassinia vauvilliersii","Cassinia vauvilliersii",NA,"actinomorphic"
"Castalia tuberosa","Castalia tuberosa",NA,"actinomorphic"
"Celmisia coriacea","Celmisia coriacea",NA,"actinomorphic"
"Celmisia discolor","Celmisia discolor",NA,"actinomorphic"
"Celmisia laricifolia","Celmisia laricifolia",NA,"actinomorphic"
"Celmisia longifolia","Celmisia longifolia",NA,"actinomorphic"
"Celmisia lyalii","Celmisia lyallii",NA,"actinomorphic"
"Celmisia petiolata","Celmisia petiolata",NA,"actinomorphic"
"Celmisia sessiliflora","Celmisia sessiliflora",NA,"actinomorphic"
"Centaurea orphanidea","Centaurea orphanidea",NA,"actinomorphic"
"Cephalantera falcata","Cephalanthera falcata",NA,"zygomorphic"
"Cerastium mollissimum","Cerastium mollissimum",NA,"actinomorphic"
"Cerastium montioides","Cerastium montioides",NA,"actinomorphic"
"Cerastium vulgatum","Cerastium vulgatum",NA,"actinomorphic"
"Chamaenerium angustifolium","Chamaenerium angustifolium",NA,"actinomorphic"
"Chamomilla recutita","Chamomilla recutita",NA,"actinomorphic"
"Chicocca alba","Chiococca alba",NA,"actinomorphic"
"Chiococa alba","Chiococca alba",NA,"actinomorphic"
"Chondrilla ramosissima","Chondrilla ramosissima",NA,"actinomorphic"
"Cirsium brevicaule","Cirsium brevicaule",NA,"actinomorphic"
"Cirsium effusum","Cirsium effusum",NA,"actinomorphic"
"Cirsium kagamontanum","Cirsium kagamontanum",NA,"actinomorphic"
"Cirsium lanceolatum","Cirsium lanceolatum",NA,"actinomorphic"
"Cirsium microspicatum","Cirsium microspicatum",NA,"actinomorphic"
"Cirsium nipponica","Cirsium nipponicum",NA,"actinomorphic"
"Cirsium pratensis","Cirsium pratensis",NA,"actinomorphic"
"Cirsium sieboldii","Cirsium sieboldii",NA,"actinomorphic"
"Cirsium suffultum","Cirsium suffultum",NA,"actinomorphic"
"Claoxylon linostachys","Claoxylon linostachys",NA,"actinomorphic"
"Clementsia rhodantha","Clementsia rhodantha",NA,"actinomorphic"
"Clerodendrum molle","Clerodendrum molle",NA,"actinomorphic"
"Clerodendrum molle glabr.","Clerodendrum molle",NA,"actinomorphic"
"Clerodendrum molle var.","Clerodendrum molle",NA,"actinomorphic"
"Clethra barvinervis","Clethra barbinervis",NA,"actinomorphic"
"Clinopodium chinense grandiflorum","Clinopodium chinense",NA,"zygomorphic"
"Cnidoscolus halteris","Cnidoscolus halteris",NA,"actinomorphic"
"Cnidoscolus obtusifolius","Cnidoscolus obtusifolius",NA,"actinomorphic"
"Commicarpus tuberosus","Commicarpus tuberosus",NA,"actinomorphic"
"Cordia brownei","Cordia brownei",NA,"actinomorphic"
"Cordia globosa","Cordia globosa",NA,"actinomorphic"
"Cornus paniculata","Cornus paniculata",NA,"actinomorphic"
"Corydalis lineariloba","Corydalis lineariloba",NA,"zygomorphic"
"Cotula pyrethrifolia","Cotula pyrethrifolia",NA,"actinomorphic"
"Cryptocarpus pyriformis","Cryptocarpus pyriformis",NA,"actinomorphic"
"Cucurbita melopepo","Cucurbita melopepo",NA,"actinomorphic"
"Cuphea fruticosa","Cuphea fruticosa",NA,"actinomorphic"
"Cuphea o'donellii","Cuphea odonellii",NA,"actinomorphic"
"Cuphea petiolata","Cuphea petiolata",NA,"actinomorphic"
"Cypripedium parviflorum pubescens","Cypripedium parviflorum","Orchidaceae","zygomorphic"
"Dasyphora fruticosa","Dasyphora fruticosa",NA,"actinomorphic"
"Daucus carota carota","Daucus carota",NA,"actinomorphic"
"Decagonocarpus cornutus","Decagonocarpus cornutus",NA,"actinomorphic"
"Delphinium scopulorum","Delphinium scopulorum",NA,"actinomorphic"
"Desfontainea spinosa","Desfontainia spinosa",NA,"actinomorphic"
"Desmodium bracteosum","Desmodium bracteosum",NA,"actinomorphic"
"Desmodium grandiflorum","Desmodium grandiflorum",NA,"actinomorphic"
"Desmodium padocarpum","Desmodium podocarpum","Fabaceae","zygomorphic"
"Deutzia naseana","Deutzia naseana",NA,"actinomorphic"
"Dianthera americana","Dianthera americana",NA,"zygomorphic"
"Dianthus superbus longicalycinus","Dianthus superbus",NA,"actinomorphic"
"Dillenia ferruginea","Dillenia ferruginea",NA,"actinomorphic"
"Diodia multiflora","Diodia multiflora",NA,"actinomorphic"
"Diodia radula","Diodia radula",NA,"actinomorphic"
"Dioscorea asclepiadea","Dioscorea asclepiadea",NA,"actinomorphic"
"Diospyros seychellarum","Diospyros seychellarum",NA,"actinomorphic"
"Diospyrus japonica","Diospyros japonica",NA,"actinomorphic"
"Discaria longispina","Discaria longispina",NA,"actinomorphic"
"Draba tenuis","Draba tenuis",NA,"actinomorphic"
"Drapetes dieffenbachii","Drapetes dieffenbachii",NA,"actinomorphic"
"Elaeagnus montana","Elaeagnus montana",NA,"actinomorphic"
"Ellisia nyctelaea","Ellisia nyctelaea",NA,"actinomorphic"
"Embelia angustifolia","Embelia angustifolia",NA,"actinomorphic"
"Encholirium spectabile","Encholirium spectabile",NA,"actinomorphic"
"Epilobium nivale","Epilobium nivale",NA,"actinomorphic"
"Epilobium sp1 M_PL_028","Epilobium",NA,"actinomorphic"
"Epilobium sp1 M_PL_029","Epilobium",NA,"actinomorphic"
"Epistephium duckei","Epistephium duckei","Orchidaceae","zygomorphic"
"Equium sabulicola","Epilobium",NA,"actinomorphic"
"Erechthites hieracifolia","Erechtites hieracifolia",NA,"actinomorphic"
"Erigeron andicola","Erigeron andicola",NA,"actinomorphic"
"Erigeron macranthus","Erigeron macranthus",NA,"actinomorphic"
"Erigeron ramosus","Erigeron ramosus",NA,"actinomorphic"
"Eryngium stenophyllum","Eryngium stenophyllum",NA,"actinomorphic"
"Erythrina lanata","Erythrina lanata",NA,"actinomorphic"
"Erythroxylum macrocarpum","Erythroxylum macrocarpum",NA,"actinomorphic"
"Erythroxylum sechellarum","Erythroxylum sechellarum",NA,"actinomorphic"
"Eulophus americanus","Eulophus americanus",NA,"actinomorphic"
"Euodia chapelieri","Euodia chapelieri",NA,"actinomorphic"
"Euodia obtusifolia","Euodia obtusifolia",NA,"actinomorphic"
"Eupatorium bupleurifolium","Eupatorium bupleurifolium",NA,"actinomorphic"
"Eupatorium chinense sachalinense","Eupatorium chinense",NA,"actinomorphic"
"Eupatorium lanigerum","Eupatorium lanigerum",NA,"actinomorphic"
"Eupatorium macrocephalum","Eupatorium macrocephalum",NA,"actinomorphic"
"Eupatorium squarrulosum","Eupatorium squarrulosum",NA,"actinomorphic"
"Eupatorium subhastatum","Eupatorium subhastatum",NA,"actinomorphic"
"Eupatorium tenacetifolium","Eupatorium tanacetifolium",NA,"actinomorphic"
"Eupatorium urticaefolium","Eupatorium urticaefolium",NA,"actinomorphic"
"Euphorbia obtusifolia","Euphorbia obtusifolia",NA,"actinomorphic"
"Euphorbia preslii","Euphorbia preslii",NA,"actinomorphic"
"Euphrasia zelandica","Euphrasia zelandica",NA,"actinomorphic"
"Eusteratis yatabeana","Eusteralis yatabeana",NA,"actinomorphic"
"Excoecaria benthiamiana","Excoecaria benthamiana",NA,"actinomorphic"
"Fagonia albiflora","Fagonia albiflora",NA,"actinomorphic"
"Farfugium joponicum","Farfugium japonicum",NA,"actinomorphic"
"Ferdinandusa sprucei","Ferdinandusa sprucei",NA,"actinomorphic"
"Fragaria virginiana illinoensis","Fragaria virginiana",NA,"actinomorphic"
"Frasera carolinensis","Frasera carolinensis",NA,"actinomorphic"
"Fraxinus americanus","Fraxinus americanus",NA,"actinomorphic"
"Fuchsia corollata","Fuchsia corollata",NA,"actinomorphic"
"Fumaria amarysia","Fumaria amarysia",NA,"zygomorphic"
"Gaertnera sp1 M_PL_066","Gaertnera",NA,"actinomorphic"
"Gaertnera sp1 M_PL_067","Gaertnera",NA,"actinomorphic"
"Gaertnera sp1 M_PL_068","Gaertnera",NA,"actinomorphic"
"Gaertnera sp1 M_PL_069","Gaertnera",NA,"actinomorphic"
"Gaertnera sp1 M_PL_070","Gaertnera",NA,"actinomorphic"
"Gaertnera sp1 M_PL_077","Gaertnera",NA,"actinomorphic"
"Gaertnera sp1 M_PL_078","Gaertnera",NA,"actinomorphic"
"Gaertnera sp1 M_PL_079","Gaertnera",NA,"actinomorphic"
"Gaertnera sp1 M_PL_080","Gaertnera",NA,"actinomorphic"
"Gaertnera sp1 M_PL_081","Gaertnera",NA,"actinomorphic"
"Galactea striata","Galactia striata",NA,"zygomorphic"
"Galium propinquum","Galium propinquum",NA,"actinomorphic"
"Galvezia leucantha pubescen","Galvezia leucantha",NA,"zygomorphic"
"Geissomeria schottiana","Geissomeria schottiana",NA,"zygomorphic"
"Gelasine azurea","Gelasine azurea",NA,"actinomorphic"
"Gentiana corymbifera","Gentiana corymbifera",NA,"actinomorphic"
"Gentiana montana","Gentiana montana",NA,"actinomorphic"
"Gentiana puberula","Gentiana puberula",NA,"actinomorphic"
"Geranium eriostemon","Geranium eriostemon","Geraniaceae","actinomorphic"
"Geranium richardsoni","Geranium richardsonii","Geraniaceae","actinomorphic"
"Gerardia auriculata","Gerardia auriculata",NA,"zygomorphic"
"Gerardia genistifolia","Gerardia genistifolia",NA,"zygomorphic"
"Gerardia purpurea","Gerardia purpurea",NA,"zygomorphic"
"Gerardia tenuifolia","Gerardia tenuifolia",NA,"zygomorphic"
"Geum uniflorum","Geum uniflorum",NA,"actinomorphic"
"Gillenia stipulacea","Gillenia stipulacea",NA,"actinomorphic"
"Gnaphalium cheirantifolium","Gnaphalium cheiranthifolium",NA,"actinomorphic"
"Gnaphalium polycephalum","Gnaphalium polycephalum",NA,"actinomorphic"
"Gonolobus laevis","Gonolobus laevis",NA,"actinomorphic"
"Groton suberosus","Croton suberosus","Euphorbiaceae","actinomorphic"
"Guarea swartzii","Guarea swartzii",NA,"actinomorphic"
"Gurania rufipila","Gurania rufipila",NA,"actinomorphic"
"Guzmania bakeri","Guzmania bakeri",NA,"actinomorphic"
"Guzmania candelabrum","Guzmania candelabrum",NA,"actinomorphic"
"Habenaria leucophaea","Habenaria leucophaea","Orchidaceae","zygomorphic"
"Habranthus andersoni","Habranthus andersonii",NA,"actinomorphic"
"Halimium commutatum","Halimium commutatum",NA,"actinomorphic"
"Haplopappus chysanthemifolius","Haplopappus chrysanthemifolius",NA,"actinomorphic"
"Haplopappus sericeus","Haplopappus sericeus",NA,"actinomorphic"
"Hebe brachysiphon","Hebe brachysiphon",NA,"zygomorphic"
"Helianthemum croceum","Helianthemum croceum",NA,"actinomorphic"
"Helianthus grosse-serratus","Helianthus grosse-serratus",NA,"actinomorphic"
"Helianthus scaberrimus","Helianthus scaberrimus",NA,"actinomorphic"
"Helichrysum picardii","Helichrysum picardii",NA,"actinomorphic"
"Helichrysum proteoides","Helichrysum proteoides",NA,"actinomorphic"
"Helichrysum scorpioides","Helichrysum scorpioides",NA,"actinomorphic"
"Heliotropium dolosum","Heliotropium dolosum",NA,"actinomorphic"
"Helipterum albicans","Helipterum albicans",NA,"actinomorphic"
"Heuchera hispida","Heuchera hispida","Saxifragaceae","actinomorphic"
"Hibiscus maleinoi","Hibiscus makinoi",NA,"actinomorphic"
"Hibiscus militaris","Hibiscus militaris",NA,"actinomorphic"
"Holodiscus dumosus","Holodiscus dumosus",NA,"actinomorphic"
"Houstonia purpurea calycosa","Houstonia purpurea",NA,"actinomorphic"
"Hovenia tomentella","Hovenia tomentella",NA,"actinomorphic"
"Hymenocarpus circinnatus","Hymenocarpus circinnatus",NA,"actinomorphic"
"Hypochaeris rosengurtii","Hypochaeris rosengurttii",NA,"actinomorphic"
"Hypochoeris achyrophorus","Hypochoeris achyrophorus",NA,"actinomorphic"
"Hypochoeris montana","Hypochoeris montana",NA,"actinomorphic"
"Hypochoeris sp1 M_PL_001","Hypochoeris",NA,"actinomorphic"
"Hyptis asperrima","Hyptis asperrima",NA,"zygomorphic"
"Hyptis dilatata","Hyptis dilatata",NA,"zygomorphic"
"Hysterionica pinifolia","Hysterionica pinifolia",NA,"actinomorphic"
"Ibidium strictum","Ibidium strictum","Orchidaceae","zygomorphic"
"Ilysanthes dubia","Ilysanthes dubia",NA,"zygomorphic"
"Ipomea sp1 M_PL_069_01","Ipomea",NA,"actinomorphic"
"Ipomoea bracteata","Ipomoea bracteata",NA,"actinomorphic"
"Ipomoea linearifolia","Ipomoea linearifolia",NA,"actinomorphic"
"Iris taevigata","Iris laevigata",NA,"actinomorphic"
"Ischnosiphon lasiocoleus","Ischnosiphon lasiocoleus",NA,"zygomorphic"
"Ixeris debilis","Ixeris debilis",NA,"actinomorphic"
"Ixora pudica","Ixora pudica",NA,"actinomorphic"
"Jaegeria gracilis","Jaegeria gracilis",NA,"actinomorphic"
"Jasminoserius thouarsii","Jasminocereus thouarsii",NA,"actinomorphic"
"Jatropha mollissima","Jatropha mollissima",NA,"actinomorphic"
"Justicia cuatrecasii","Justicia cuatrecasasii",NA,"actinomorphic"
"Justicia mexicana","Justicia mexicana",NA,"actinomorphic"
"Justicia scheidweileri","Justicia scheidweileri",NA,"actinomorphic"
"Justicia sebastianopolitanae","Justicia sebastianopolitanae",NA,"actinomorphic"
"Kalimeris yomena","Kalimeris yomena",NA,"actinomorphic"
"Kandetia candel","Kandelia candel",NA,"actinomorphic"
"Krigia amplexicaulis","Krigia amplexicaulis",NA,"actinomorphic"
"Lantana peducularis","Lantana peduncularis",NA,"actinomorphic"
"Lappula floribunda","Lappula floribunda",NA,"actinomorphic"
"Lappula virginiana","Lappula virginiana",NA,"actinomorphic"
"Lathyrus montanus","Lathyrus montanus",NA,"zygomorphic"
"Lathyrus ornatus","Lathyrus ornatus",NA,"zygomorphic"
"Leesia japonica","Leersia japonica","Poaceae",NA
"Lepachys pinnata","Lepachys pinnata",NA,"actinomorphic"
"Lepidium suffruticosum","Lepidium suffruticosum",NA,"actinomorphic"
"Leuceria candidissima","Leuceria candidissima",NA,"actinomorphic"
"Leuceria landbeckii","Leucheria landbeckii",NA,"actinomorphic"
"Leuceria salina","Leuceria salina",NA,"actinomorphic"
"Ligularia fischerii","Ligularia fischeri",NA,"actinomorphic"
"Limophila sessiliflora","Limnophila sessiliflora",NA,"actinomorphic"
"Lindera sericea","Lindera sericea","Lauraceae","actinomorphic"
"Lippia lanceolata","Lippia lanceolata",NA,"actinomorphic"
"Lippia rosmarinifolia","Lippia rosmarinifolia",NA,"actinomorphic"
"Litsea citriodora","Litsea citriodora",NA,"actinomorphic"
"Loasa caespitosa","Loasa caespitosa",NA,"actinomorphic"
"Loasa incurva","Loasa incurva",NA,"actinomorphic"
"Loasa sigmoidea","Loasa sigmoidea",NA,"actinomorphic"
"Lobelia leptostachys","Lobelia leptostachys",NA,"zygomorphic"
"Lonicera sullivantii","Lonicera sullivantii",NA,"zygomorphic"
"Ludvigia polycarpa","Ludwigia polycarpa",NA,"actinomorphic"
"Ludwigia epilobioides","Ludwigia epilobioides",NA,"actinomorphic"
"Lychnis gracillima","Lychnis gracillima",NA,"actinomorphic"
"Lychnis triflora","Lychnis triflora",NA,"actinomorphic"
"Lycopersicon cheesmanii minor","Lycopersicon cheesmanii",NA,"actinomorphic"
"Lycopus ramosissimus","Lycopus ramosissimus",NA,"actinomorphic"
"Macairea parvifolia","Macairea parvifolia",NA,"actinomorphic"
"Macraea laricifolia","Macraea laricifolia",NA,"actinomorphic"
"Malcolmia chia","Malcolmia chia",NA,"actinomorphic"
"Malesherbia linearifolius","Malesherbia linearifolia",NA,"actinomorphic"
"Malva rotundifolia","Malva rotundifolia",NA,"actinomorphic"
"Malvastrum coccineum","Malvastrum coccineum",NA,"actinomorphic"
"Mandevilla benthamii","Mandevilla benthamii",NA,"actinomorphic"
"Manettia mirtis","Manettia mitis",NA,"actinomorphic"
"Martynia louisiana","Martynia louisiana",NA,"zygomorphic"
"Melandrium triflorum","Melandrium triflorum",NA,"actinomorphic"
"Melochia villosa","Melochia villosa",NA,"actinomorphic"
"Memecylon eleagni","Memecylon eleagni",NA,"actinomorphic"
"Meriana sclerophylla","Meriania sclerophylla",NA,"actinomorphic"
"Metothria tiukiuensis","Melothria liukiuensis",NA,"actinomorphic"
"Miconia stephananthera","Miconia stephananthera",NA,"actinomorphic"
"Mikania psilotachya","Mikania psilostachya",NA,"actinomorphic"
"Mimusops erythroxylon","Mimusops erythroxylon",NA,"actinomorphic"
"Mimusops sechellarum","Mimusops sechellarum",NA,"actinomorphic"
"Molinaea alternifolia","Molinaea alternifolia",NA,"actinomorphic"
"Molinaea macrantha","Molinaea macrantha",NA,"actinomorphic"
"Montricharida arborescens","Montrichardia arborescens",NA,"zygomorphic"
"Mosta dianthera","Mosla dianthera",NA,"zygomorphic"
"Musaenda parviflora","Mussaenda parviflora","Rubiaceae","actinomorphic"
"Muscari commutatum","Muscari commutatum",NA,"actinomorphic"
"Mustisia subulata","Mutisia subulata",NA,"actinomorphic"
"Myosotis virginica","Myosotis virginica",NA,"actinomorphic"
"Nassauvia pungens","Nassauvia pungens",NA,"actinomorphic"
"Nemopanthus mucronata","Nemopanthus mucronata",NA,"actinomorphic"
"Nepeta hederacea","Nepeta hederacea",NA,"zygomorphic"
"Nepeta teydea","Nepeta teydea",NA,"zygomorphic"
"Nidularium itatiaiae","Nidularium itatiaiae",NA,"actinomorphic"
"Nidularium longiflorum","Nidularium longiflorum",NA,"actinomorphic"
"Nidularium rutilans","Nidularium rutilans",NA,"actinomorphic"
"Noechamaelea pulverulenta","Neochamaelea pulverulenta",NA,"actinomorphic"
"Northea hornei","Northea hornei",NA,"actinomorphic"
"Nothoscordum andinum","Nothoscordum andinum",NA,"actinomorphic"
"Nototriche compacta","Nototriche compacta",NA,"actinomorphic"
"Nymphaea advena","Nymphaea advena",NA,"actinomorphic"
"Ochna kirkii","Ochna kirkii",NA,"actinomorphic"
"Ocotea laevigata","Ocotea laevigata",NA,"actinomorphic"
"Odontonema barlerioides","Odontonema barlerioides",NA,"zygomorphic"
"Onagra biennis","Onagra biennis",NA,"actinomorphic"
"Opulaster opulifolius","Opulaster opulifolius",NA,"actinomorphic"
"Opuntia corrugata","Opuntia corrugata",NA,"actinomorphic"
"Opuntia echios gigantea","Opuntia echios",NA,"actinomorphic"
"Ormocaipum cochinchinense","Ormocarpum cochinchinense",NA,"zygomorphic"
"Ornithogalum exscapum","Ornithogalum exscapum",NA,"actinomorphic"
"Osmorrhiza longistylis","Osmorhiza longistylis",NA,"actinomorphic"
"Osterium sieboldii","Ostericum sieboldii",NA,"actinomorphic"
"Ovidia pillopillo","Ovidia pillopillo",NA,"actinomorphic"
"Oxalis cordobensis","Oxalis cordobensis",NA,"actinomorphic"
"Oxalis geminata","Oxalis geminata",NA,"actinomorphic"
"Pachylophus caespitosus","Pachylophus caespitosus",NA,"actinomorphic"
"Pagameopsis garryoides","Pagameopsis garryoides","Rubiaceae","actinomorphic"
"Palicourea subspicata","Palicourea subspicata","Rubiaceae","actinomorphic"
"Pandanus wiehii","Pandanus wiehei",NA,"actinomorphic"
"Paragenipa wrightii","Paragenipa wrightii",NA,"actinomorphic"
"Parahebe lyalii","Parahebe lyallii",NA,"actinomorphic"
"Parolinea intermedia","Parolinia intermedia",NA,"actinomorphic"
"Patrinia triloba palmata","Patrinia triloba",NA,"actinomorphic"
"Pavonia cymbalaria","Pavonia cymbalaria",NA,"actinomorphic"
"Pedicularis arctica","Pedicularis arctica",NA,"zygomorphic"
"Penstemon roseus","Penstemon roseus",NA,"zygomorphic"
"Penstemon unilateralis","Penstemon unilateralis",NA,"zygomorphic"
"Pentstemon glaber","Pentstemon glaber",NA,"zygomorphic"
"Pentstemon glaucus","Pentstemon glaucus",NA,"zygomorphic"
"Pentstemon gracilis","Pentstemon gracilis",NA,"zygomorphic"
"Persicaria aestiva","Persicaria aestiva",NA,"actinomorphic"
"Persicaria comspicua","Persicaria conspicua",NA,"actinomorphic"
"Persicaria conspicua","Persicaria conspicua",NA,"actinomorphic"
"Persicaria nipponensis","Persicaria nipponensis",NA,"actinomorphic"
"Persicaria yokusaiana","Persicaria yokusaiana",NA,"actinomorphic"
"Petalostemon candidus","Petalostemon candidus",NA,"actinomorphic"
"Petalostemum candidum","Petalostemum candidum",NA,"actinomorphic"
"Petalostemum purpureum","Petalostemum purpureum",NA,"actinomorphic"
"Phebalium ovatifolium","Phebalium ovatifolium",NA,"actinomorphic"
"Philadelphus grandiflorus","Philadelphus grandiflorus",NA,"actinomorphic"
"Philodendron ptarianum","Philodendron ptarianum",NA,"zygomorphic"
"Phthirusa adunca","Phthirusa adunca","Loranthaceae","actinomorphic"
"Phyllanthus phillyreifolius","Phyllanthus phillyreifolius",NA,"actinomorphic"
"Picris hieracioides japonica","Picris hieracioides",NA,"actinomorphic"
"Pimpinella cumbrae","Pimpinella cumbrae",NA,"actinomorphic"
"Piper kadzura","Piper kadzura","Piperaceae","actinomorphic"
"Pitcaimia flammea","Pitcairnia flammea","Bromeliaceae","actinomorphic"
"Pithecellobium mangens","Pithecellobium mangense",NA,"actinomorphic"
"Pittosporum senacia","Pittosporum senacia",NA,"actinomorphic"
"Pogonia stricta","Pogonia stricta","Orchidaceae","zygomorphic"
"Polemonium caeruleum yezoense","Polemonium caeruleum",NA,"actinomorphic"
"Polygala stenophylla","Polygala stenophylla",NA,"zygomorphic"
"Polygonatum commutatum","Polygonatum commutatum",NA,"actinomorphic"
"Polygonatum macranthum","Polygonatum macranthum",NA,"actinomorphic"
"Polygonum acre","Polygonum acre",NA,"actinomorphic"
"Polygonum aubertii","Polygonum aubertii",NA,"actinomorphic"
"Polygonum scandens","Polygonum scandens",NA,"actinomorphic"
"Potentilla monspeliensis norvegica","Potentilla monspeliensis",NA,"actinomorphic"
"Potentilla sundaica","Potentilla sundaica",NA,"actinomorphic"
"Prasophyllum alpinum","Prasophyllum alpinum","Orchidaceae","zygomorphic"
"Premna corymbosa","Premna corymbosa","Lamiaceae","zygomorphic"
"Prenanthes tanakae","Prenanthes tanakae",NA,"actinomorphic"
"Prunus demissa","Prunus demissa",NA,"actinomorphic"
"Prunus pennsylvanica","Prunus pennsylvanica",NA,"actinomorphic"
"Psedera quinquefolia","Psedera quinquefolia",NA,"actinomorphic"
"Psittacanthus dichroos","Psittacanthus dichroos",NA,"actinomorphic"
"Psittacanthus lasianthus","Psittacanthus lasianthus",NA,"actinomorphic"
"Pslicourea quadrifolia","Palicourea quadrifolia",NA,"actinomorphic"
"Psoralia bituminosa","Psoralea bituminosa",NA,"zygomorphic"
"Psychotria peppigiana","Psychotria poeppigiana",NA,"actinomorphic"
"Psychotria sepens","Psychotria repens",NA,"actinomorphic"
"Ptantago asiatica","Plantago asiatica","Plantaginaceae","zygomorphic"
"Puya clava-herculis","Puya clava-herculis",NA,"actinomorphic"
"Pycnanthemum flexuosum","Pycnanthemum flexuosum",NA,"actinomorphic"
"Pyrostria fasciculata","Pyrostria fasciculata",NA,"actinomorphic"
"Pyrrhocactus strausianum","Pyrrhocactus strausianus",NA,"actinomorphic"
"Pyrus coronaria","Pyrus coronaria",NA,"actinomorphic"
"Quesnelia augusto-coburgii","Quesnelia augusto-coburgii",NA,"actinomorphic"
"Quinchamalium chilensis","Quinchamalium chilense",NA,"actinomorphic"
"Rabdosia longituba","Rabdosia longituba",NA,"zygomorphic"
"Rabdosia trichocarpa","Rabdosia trichocarpa",NA,"zygomorphic"
"Racinaea tetrantha","Racinaea tetrantha",NA,"actinomorphic"
"Radicula obtusa","Radicula obtusa","Brassicaceae","actinomorphic"
"Radicula palustris","Radicula palustris","Brassicaceae","actinomorphic"
"Ranunculus lyalii","Ranunculus lyallii",NA,"actinomorphic"
"Ranunculus spruneranus","Ranunculus spruneranus",NA,"actinomorphic"
"Raoulia lutescens","Raoulia lutescens",NA,"actinomorphic"
"Raoulia mammilaris","Raoulia mammillaris",NA,"actinomorphic"
"Remijia densiflora","Remijia densiflora",NA,"actinomorphic"
"Rhododendron mucronata","Rhododendron mucronatum",NA,"actinomorphic"
"Rhododendron oomurasalei","Rhododendron omurasaki",NA,"actinomorphic"
"Rhus canadensis","Rhus canadensis",NA,"actinomorphic"
"Ribes gracile","Ribes gracile",NA,"actinomorphic"
"Rosa borboniana","Rosa borboniana",NA,"actinomorphic"
"Rosa humilis","Rosa humilis",NA,"actinomorphic"
"Rosa multtlflora","Rosa multiflora",NA,"actinomorphic"
"Rubus idaeus f marmoratus","Rubus idaeus",NA,"actinomorphic"
"Rubus microphyllus","Rubus microphyllus",NA,"actinomorphic"
"Rubus villosus","Rubus villosus",NA,"actinomorphic"
"Ryania pyrifera","Ryania pyrifera","Salicaceae","actinomorphic"
"Rydbergia grandilfora","Rydbergia grandiflora",NA,"actinomorphic"
"Saggitaria quyanensis","Sagittaria guyanensis",NA,"actinomorphic"
"Salix longifolia","Salix longifolia",NA,"actinomorphic"
"Salix sieboldiana","Salix sieboldiana",NA,"actinomorphic"
"Salix vulpina","Salix vulpina",NA,"actinomorphic"
"Salvia sellowiana","Salvia sellowiana","Lamiaceae","zygomorphic"
"Salvia triloba","Salvia triloba",NA,"zygomorphic"
"Samolus floribundus","Samolus floribundus",NA,"actinomorphic"
"Sarcostemma clausum","Sarcostemma clausum",NA,"actinomorphic"
"Sassafras variifolium","Sassafras variifolium",NA,"actinomorphic"
"Saussurea yanagisawae","Saussurea yanagisawae",NA,"actinomorphic"
"Sauvagesia angustifolia","Sauvagesia angustifolia",NA,"actinomorphic"
"Saxifraga caespitosa","Saxifraga caespitosa",NA,"actinomorphic"
"Scabiosa stellata","Scabiosa stellata",NA,"actinomorphic"
"Scalesia affinis","Scalesia affinis",NA,"actinomorphic"
"Scalesia beurii","Scalesia baurii",NA,"actinomorphic"
"Scaligeria cretica","Scaligeria cretica",NA,"actinomorphic"
"Scaveola plumieri","Scaevola plumieri",NA,"zygomorphic"
"Schinus patagonicus","Schinus patagonicus",NA,"actinomorphic"
"Scorzonera lanata","Scorzonera lanata",NA,"actinomorphic"
"Scutellaria canescans","Scutellaria canescens",NA,"zygomorphic"
"Scutellaria versicolor","Scutellaria versicolor",NA,"zygomorphic"
"Sebatia angularis","Sabatia angularis",NA,"actinomorphic"
"Senecio arechavaletae","Senecio arechavaletae",NA,"actinomorphic"
"Senecio bellidioides","Senecio bellidioides",NA,"actinomorphic"
"Senecio bidwilli","Senecio bidwillii",NA,"actinomorphic"
"Senecio bravensis","Senecio bravensis",NA,"actinomorphic"
"Senecio bustillosianus","Senecio bustillosianus",NA,"actinomorphic"
"Senecio erucaeformis","Senecio erucaeformis",NA,"actinomorphic"
"Senecio francisci","Senecio francisci",NA,"actinomorphic"
"Senecio grisebachii","Senecio grisebachii",NA,"actinomorphic"
"Senecio lithostaurus","Senecio lithostaurus",NA,"actinomorphic"
"Senecio looseri","Senecio looseri",NA,"actinomorphic"
"Senecio nikoensis","Senecio nikoensis",NA,"actinomorphic"
"Senecio pectinatus","Senecio pectinatus",NA,"actinomorphic"
"Senecio scorzoneroides","Senecio scorzoneroides",NA,"actinomorphic"
"Senecio steetzii","Senecio steetzii",NA,"actinomorphic"
"Senecio subulatus","Senecio subulatus",NA,"actinomorphic"
"Senecio tricephalus","Senecio tricephalus",NA,"actinomorphic"
"Serratula coronata insularis","Serratula coronata ",NA,"actinomorphic"
"Shultesia brachyptera","Schultesia brachyptera",NA,"actinomorphic"
"Sideritis argosphacelus","Sideritis argosphacelus",NA,"zygomorphic"
"Sieversia ciliata","Sieversia ciliata",NA,"actinomorphic"
"Sieversia turbinata","Sieversia turbinata",NA,"actinomorphic"
"Silene halli","Silene hallii",NA,"actinomorphic"
"Siphocampylus lauroanus","Siphocampylus lauroanus",NA,"actinomorphic"
"Siphocampylus longipedunculatus","Siphocampylus longipedunculatus",NA,"actinomorphic"
"Siphocampylus paramicola","Siphocampylus paramicola",NA,"actinomorphic"
"Sisymbrium canescens","Sisymbrium canescens",NA,"actinomorphic"
"Sisyrinchium gramineum","Sisyrinchium gramineum",NA,"actinomorphic"
"Sisyrinchium philippii","Sisyrinchium philippii",NA,"actinomorphic"
"Sium cicutaefolium","Sium cicutaefolium",NA,"actinomorphic"
"Sobralia liliastrum","Sobralia liliastrum",NA,"actinomorphic"
"Solanum tomatillo","Solanum tomatillo",NA,"actinomorphic"
"Solenomelus sisyrinchium","Solenomelus sisyrinchium",NA,"actinomorphic"
"Solidago chilensis","Solidago chilensis",NA,"actinomorphic"
"Solidago serotina","Solidago serotina",NA,"actinomorphic"
"Solidago virgaurea","Solidago virgaurea",NA,"actinomorphic"
"Solidago virgaurea asiatica","Solidago virgaurea",NA,"actinomorphic"
"Sonchus tenerrinus","Sonchus tenerrinus",NA,"actinomorphic"
"Specularia perfoliata","Specularia perfoliata",NA,"actinomorphic"
"Spilanthes stolonifera","Spilanthes stolonifera",NA,"actinomorphic"
"Spiraea tossensis","Spiraea tosaensis",NA,"actinomorphic"
"Spiranthes gracilis","Spiranthes gracilis","Orchidaceae","zygomorphic"
"Stachtarpheta cayanensis","Stachytarpheta cayanensis",NA,"actinomorphic"
"Stachys albi","Stachys alba",NA,"zygomorphic"
"Stachytapheta jamaicensis","Stachytarpheta jamaicensis",NA,"actinomorphic"
"Stackhousia pulvinaris","Stackhousia pulvinaris",NA,"actinomorphic"
"Stanleya pinnatifida","Stanleya pinnatifida",NA,"actinomorphic"
"Staurogyne itatiaiae","Staurogyne itatiaiae",NA,"zygomorphic"
"Stegolepsis angustata","Stegolepis angustata",NA,"actinomorphic"
"Steironema ciliatum","Steironema ciliatum",NA,"actinomorphic"
"Steironema quadriflorum","Steironema quadriflorum",NA,"actinomorphic"
"Stellaria uchiyamana","Stellaria uchiyamana",NA,"actinomorphic"
"Stenactis annuus","Stenactis annuus",NA,"actinomorphic"
"Stenanthium angustifolium","Stenanthium angustifolium",NA,"actinomorphic"
"Stenodraba stenophylla","Stenodraba stenophylla",NA,"actinomorphic"
"Stevia satureiifolia","Stevia satureiifolia",NA,"actinomorphic"
"Strophostyles pauciflora","Strophostyles pauciflora",NA,"zygomorphic"
"Swida macrophylla","Swida macrophylla",NA,"actinomorphic"
"Swida stlonifera","Swida stolonifera",NA,"actinomorphic"
"Symphoricarpos orbicularis","Symphoricarpos orbicularis",NA,"actinomorphic"
"Symplocos microcalyx","Symplocos microcalyx",NA,"actinomorphic"
"Synqonanthus caulescens","Syngonanthus caulescens",NA,"actinomorphic"
"Synurus excelsus","Synurus excelsus",NA,"actinomorphic"
"Synurus pungens","Synurus pungens",NA,"actinomorphic"
"Syzygium glomeratum","Syzygium glomeratum",NA,"actinomorphic"
"Syzygium mauritianum","Syzygium mauritianum",NA,"actinomorphic"
"Syzygium petrinese","Syzygium petrinense",NA,"actinomorphic"
"Syzygium wrightii","Syzygium wrightii",NA,"actinomorphic"
"Tabernamontana macrocalyx","Tabernaemontana macrocalyx",NA,"actinomorphic"
"Tecoma radicans","Tecoma radicans",NA,"actinomorphic"
"Ternstroemia crassifolia","Ternstroemia crassifolia",NA,"actinomorphic"
"Thalictrum filamentosum tenerum","Thalictrum filamentosum",NA,"actinomorphic"
"Thaspium aureum trifoliatum","Thaspium aureum",NA,"actinomorphic"
"Thymelaea hirusta","Thymelaea hirsuta",NA,"actinomorphic"
"Tiarella cordifolia collina","Tiarella cordifolia",NA,"actinomorphic"
"Tillandsia orbicularis","Tillandsia orbicularis",NA,"zygomorphic"
"Tournefortia rufo-sericea","Tournefortia rufo-sericea",NA,"actinomorphic"
"Tourneortia argentea","Tournefortia argentea",NA,"actinomorphic"
"Tradescantia brevicaulis","Tradescantia brevicaulis",NA,"actinomorphic"
"Tradescantia pilosa","Tradescantia pilosa",NA,"actinomorphic"
"Tremastelma palestinum","Tremastelma palaestinum",NA,"actinomorphic"
"Trixis stricta","Trixis stricta",NA,"actinomorphic"
"Turnera pinnatifida","Turnera pinnatifida",NA,"actinomorphic"
"Turraea rigida","Turraea rigida",NA,"actinomorphic"
"Ulmus fulva","Ulmus fulva",NA,"actinomorphic"
"Urechites lutea","Urechites lutea",NA,"actinomorphic"
"Urospermum picrioides","Urospermum picroides",NA,"actinomorphic"
"Vaccinium euryanthum","Vaccinium euryanthum",NA,"actinomorphic"
"Vaccinium oldhami","Vaccinium oldhami",NA,"actinomorphic"
"Vaccinium puberulum","Vaccinium puberulum",NA,"actinomorphic"
"Vallesia glabra","Vallesia glabra",NA,"actinomorphic"
"Velloziela dracocephaloides","Velloziella dracocephaloides",NA,"actinomorphic"
"Veratrum album oxysepalum","Veratrum album",NA,"actinomorphic"
"Verbascum undulatum","Verbascum undulatum",NA,"actinomorphic"
"Verbena angustifolia","Verbena angustifolia",NA,"actinomorphic"
"Verbena bracteosa","Verbena bracteosa",NA,"actinomorphic"
"Verbena scoparia","Verbena scoparia",NA,"actinomorphic"
"Vernonia bolivariensis","Vernonia bolivarensis",NA,"actinomorphic"
"Veronica virginica","Veronica virginica",NA,"actinomorphic"
"Veronicastrum sibiricum japonicum","Veronicastrum sibiricum ",NA,"actinomorphic"
"Viburnum phlebotricum","Viburnum phlebotrichum",NA,"actinomorphic"
"Viburnum pubescens","Viburnum pubescens",NA,"actinomorphic"
"Viola atropurpurea","Viola atropurpurea","Violaceae","zygomorphic"
"Viola montagnei","Viola montagnei","Violaceae","zygomorphic"
"Viola papilionacea","Viola papilionacea","Violaceae","zygomorphic"
"Viola philippii","Viola philippii","Violaceae","zygomorphic"
"Vismia lauriformis","Vismia lauriformis",NA,"actinomorphic"
"Vitex mollis","Vitex mollis",NA,"zygomorphic"
"Vriesea altodaserrae","Vriesea altodaserrae",NA,"zygomorphic"
"Vriesea inflata","Vriesea inflata",NA,"zygomorphic"
"Vriesea sp1 M_PL_063","Vriesea",NA,"zygomorphic"
"VVedelia biflora","Vedelia biflora",NA,"actinomorphic"
"Wallenia laurifolia","Wallenia laurifolia",NA,"actinomorphic"
"Walteria rotundifolia","Waltheria rotundifolia",NA,"actinomorphic"
"Waltheria ovata","Waltheria ovata",NA,"actinomorphic"
"Warneckea trinervis","Warneckea trinervis",NA,"actinomorphic"
"Werneria pygmaea","Werneria pygmaea",NA,"actinomorphic"
"Wigginsia tephracantha","Wigginsia tephracantha",NA,"actinomorphic"
"Xyris savanensis","Xyris savanensis",NA,"actinomorphic"
"Xyris setigera","Xyris setigera",NA,"actinomorphic"
"Lotus sp1 M_PL_050","Lotus","Fabaceae","zygomorphic"
"Nelumbo lutea","Nelumbo lutea","Nelumbonaceae","actinomorphic"
"Nepenthes pervillei","Nepenthes pervillei","Nepenthaceae","actinomorphic"
"Bougainvillea sp1 M_PL_026","Bougainvillea","Nyctaginaceae","actinomorphic"
"Mirabilis jalapa","Mirabilis jalapa","Nyctaginaceae","actinomorphic"
"Mirabilis sp1 M_PL_065","Mirabilis","Nyctaginaceae","actinomorphic"
"Nymphaea marliacea","Nymphaea marliacea","Nymphaeaceae","actinomorphic"
"Medusagyne oppositifolia","Medusagyne oppositifolia","Ochnaceae","actinomorphic"
"Ochna mauritiana","Ochna mauritiana","Ochnaceae","actinomorphic"
"Poecilandra retusa","Poecilandra retusa","Ochnaceae","actinomorphic"
"Sauvagesia rubiginosa","Sauvagesia rubiginosa","Ochnaceae","actinomorphic"
"Forsythia suspensa","Forsythia suspensa","Oleaceae","actinomorphic"
"Fraxinus griffithii","Fraxinus griffithii","Oleaceae","actinomorphic"
"Ligustrum japonicum","Ligustrum japonicum","Oleaceae","actinomorphic"
"Ligustrum joponicum","Ligustrum japonicum","Oleaceae","actinomorphic"
"Ligustrum obtusifolium","Ligustrum obtusifolium","Oleaceae","actinomorphic"
"Olea lancea","Olea lancea","Oleaceae","actinomorphic"
"Phillyrea angustifolia","Phillyrea angustifolia","Oleaceae","actinomorphic"
"Picconia excelsa","Picconia excelsa","Oleaceae","actinomorphic"
"Syringa vulgaris","Syringa vulgaris","Oleaceae","actinomorphic"
"Chamaenerion angustifolium","Chamaenerion angustifolium","Onagraceae","actinomorphic"
"Chamerion angustifolium","Chamerion angustifolium","Onagraceae","actinomorphic"
"Circaea lutetiana","Circaea lutetiana","Onagraceae","actinomorphic"
"Clarkia tenella","Clarkia tenella","Onagraceae","actinomorphic"
"Epilobium angustifolium","Epilobium angustifolium","Onagraceae","actinomorphic"
"Epilobium gunnianum","Epilobium gunnianum","Onagraceae","actinomorphic"
"Epilobium hirsutum","Epilobium hirsutum","Onagraceae","actinomorphic"
"Epilobium latifolium","Epilobium latifolium","Onagraceae","actinomorphic"
"Epilobium montanum","Epilobium montanum","Onagraceae","actinomorphic"
"Epilobium sp1 M_PL_014","Epilobium","Onagraceae","actinomorphic"
"Fuchsia regia","Fuchsia regia","Onagraceae","actinomorphic"
"Gaura biennis","Gaura biennis","Onagraceae","actinomorphic"
"Ludvigia alternifolia","Ludwigia alternifolia","Onagraceae","actinomorphic"
"Ludwigia decurrens","Ludwigia decurrens","Onagraceae","actinomorphic"
"Ludwigia nervosa","Ludwigia nervosa","Onagraceae","actinomorphic"
"Ludwigia octovalvis","Ludwigia octovalvis","Onagraceae","actinomorphic"
"Oenothera acaulis","Oenothera acaulis","Onagraceae","actinomorphic"
"Oenothera biennis","Oenothera biennis","Onagraceae","actinomorphic"
"Oenothera fruticosa","Oenothera fruticosa","Onagraceae","actinomorphic"
"Oenothera indecora","Oenothera indecora","Onagraceae","actinomorphic"
"Oenothera mendocinensis","Oenothera mendocinensis","Onagraceae","actinomorphic"
"Broughtonia sanguinea","Broughtonia sanguinea","Orchidaceae","zygomorphic"
"Catasetum discolor","Catasetum discolor","Orchidaceae","zygomorphic"
"Corymborkis flava","Corymborkis flava","Orchidaceae","zygomorphic"
"Cypripedium acaule","Cypripedium acaule","Orchidaceae","zygomorphic"
"Cypripedium guttatum","Cypripedium guttatum","Orchidaceae","zygomorphic"
"Elleanthus sp1 M_PL_068","Elleanthus","Orchidaceae","zygomorphic"
"Epidendrum ibaguense","Epidendrum ibaguense","Orchidaceae","zygomorphic"
"Eriopsis biloba","Eriopsis biloba","Orchidaceae","zygomorphic"
"Gavilea odoratissima","Gavilea odoratissima","Orchidaceae","zygomorphic"
"Gymnadenia conopsea","Gymnadenia conopsea","Orchidaceae","zygomorphic"
"Liparis liliifolia","Liparis liliifolia","Orchidaceae","zygomorphic"
"Ophrys lutea","Ophrys lutea","Orchidaceae","zygomorphic"
"Ophrys sphegodes","Ophrys sphegodes","Orchidaceae","zygomorphic"
"Ophrys tenthredinifera","Ophrys tenthredinifera","Orchidaceae","zygomorphic"
"Orchis morio","Orchis morio","Orchidaceae","zygomorphic"
"Spiranthes sinensis","Spiranthes sinensis","Orchidaceae","zygomorphic"
"Aeginetia indica","Aeginetia indica","Orobanchaceae","zygomorphic"
"Bartsia alpina","Bartsia alpina","Orobanchaceae","zygomorphic"
"Bellardia trixago","Bellardia trixago","Orobanchaceae","zygomorphic"
"Castilleia miniata","Castilleja miniata","Orobanchaceae","zygomorphic"
"Castilleja coccinea","Castilleja coccinea","Orobanchaceae","zygomorphic"
"Castilleja scorzonerifolia","Castilleja scorzonerifolia","Orobanchaceae","zygomorphic"
"Castilleja tenuiflora","Castilleja tenuiflora","Orobanchaceae","zygomorphic"
"Elephantella groenlandica","Elephantella groenlandica","Orobanchaceae","zygomorphic"
"Euphrasia collina","Euphrasia collina","Orobanchaceae","zygomorphic"
"Euphrasia maximowiczii","Euphrasia maximowiczii","Orobanchaceae","zygomorphic"
"Euphrasia officinalis","Euphrasia officinalis","Orobanchaceae","zygomorphic"
"Euphrasia revoluta","Euphrasia revoluta","Orobanchaceae","zygomorphic"
"Gerardia grandiflora","Gerardia grandiflora","Orobanchaceae","zygomorphic"
"Orobanche uniflora","Orobanche uniflora","Orobanchaceae","zygomorphic"
"Pedicularis capitata","Pedicularis capitata","Orobanchaceae","zygomorphic"
"Pedicularis flammea","Pedicularis flammea","Orobanchaceae","zygomorphic"
"Pedicularis hirsuta","Pedicularis hirsuta","Orobanchaceae","zygomorphic"
"Pedicularis lapponica","Pedicularis lapponica","Orobanchaceae","zygomorphic"
"Pedicularis parryi","Pedicularis parryi","Orobanchaceae","zygomorphic"
"Pedicularis racemosa","Pedicularis racemosa","Orobanchaceae","zygomorphic"
"Pedicularis resupinata","Pedicularis resupinata","Orobanchaceae","zygomorphic"
"Pedicularis sp1 M_PL_014","Pedicularis","Orobanchaceae","zygomorphic"
"Seymeria macrophylla","Seymeria macrophylla","Orobanchaceae","zygomorphic"
"Oxalis acetosella","Oxalis acetosella","Oxalidaceae","actinomorphic"
"Oxalis articulata","Oxalis articulata","Oxalidaceae","actinomorphic"
"Oxalis barrelieri","Oxalis barrelieri","Oxalidaceae","actinomorphic"
"Oxalis cinerea","Oxalis cinerea","Oxalidaceae","actinomorphic"
"Oxalis compacta","Oxalis compacta","Oxalidaceae","actinomorphic"
"Oxalis corniculata","Oxalis corniculata","Oxalidaceae","actinomorphic"
"Oxalis corymbosa","Oxalis corymbosa","Oxalidaceae","actinomorphic"
"Oxalis erythrorhiza","Oxalis erythrorhiza","Oxalidaceae","actinomorphic"
"Oxalis frutescens","Oxalis frutescens","Oxalidaceae","actinomorphic"
"Oxalis griffithii","Oxalis griffithii","Oxalidaceae","actinomorphic"
"Oxalis montana","Oxalis montana","Oxalidaceae","actinomorphic"
"Oxalis pes-caprae","Oxalis pes-caprae","Oxalidaceae","actinomorphic"
"Oxalis psoraleoides","Oxalis psoraleoides","Oxalidaceae","actinomorphic"
"Oxalis sp1 M_PL_001","Oxalis","Oxalidaceae","actinomorphic"
"Oxalis stricta","Oxalis stricta","Oxalidaceae","actinomorphic"
"Oxalis violacea","Oxalis violacea","Oxalidaceae","actinomorphic"
"Paeonia japonica","Paeonia japonica","Paeoniaceae","actinomorphic"
"Pandanus barklyi","Pandanus barkleyi","Pandanaceae","actinomorphic"
"Pandanus odoratissimus","Pandanus odoratissimus","Pandanaceae","actinomorphic"
"Pandanus rigidifolius","Pandanus rigidifolius","Pandanaceae","actinomorphic"
"Chelidonium majus","Chelidonium majus","Papaveraceae","actinomorphic"
"Corydalis incisa","Corydalis incisa","Papaveraceae","zygomorphic"
"Corydalis pallida","Corydalis pallida","Papaveraceae","zygomorphic"
"Dicentra canadensis","Dicentra canadensis","Papaveraceae","zygomorphic"
"Dicentra cucullaria","Dicentra cucullaria","Papaveraceae","zygomorphic"
"Macleaya cordata","Macleaya cordata","Papaveraceae","actinomorphic"
"Papaver radicatum","Papaver radicatum","Papaveraceae","actinomorphic"
"Papaver rhoeas","Papaver rhoeas","Papaveraceae","actinomorphic"
"Papaver sp1 M_PL_014","Papaver","Papaveraceae","actinomorphic"
"Sangiunaria canadensis","Sanguinaria canadensis","Papaveraceae","actinomorphic"
"Passiflora caerulea","Passiflora caerulea","Passifloraceae","actinomorphic"
"Passiflora foetida","Passiflora foetida","Passifloraceae","actinomorphic"
"Passiflora kermesina","Passiflora kermesina","Passifloraceae","actinomorphic"
"Passiflora lutea","Passiflora lutea","Passifloraceae","actinomorphic"
"Passiflora mixta","Passiflora mixta","Passifloraceae","actinomorphic"
"Passiflora sp1 M_PL_071","Passiflora","Passifloraceae","actinomorphic"
"Passiflora speciosa","Passiflora speciosa","Passifloraceae","actinomorphic"
"Passiflora suberosa","Passiflora suberosa","Passifloraceae","actinomorphic"
"Passiflora vitifolia","Passiflora vitifolia","Passifloraceae","actinomorphic"
"Turnera angustifolia","Turnera angustifolia","Passifloraceae","actinomorphic"
"Turnera ulmifolia","Turnera ulmifolia","Passifloraceae","actinomorphic"
"Eurya japonica","Eurya japonica","Pentaphylacaceae","actinomorphic"
"Petiveria sp1 M_PL_040","Petiveria","Petiveriaceae","actinomorphic"
"Mimulus alatus","Mimulus alatus","Phrymaceae","zygomorphic"
"Mimulus ringens","Mimulus ringens","Phrymaceae","zygomorphic"
"Phryma leptostachya","Phryma leptostachya","Phrymaceae","zygomorphic"
"Glochidion acuminatum","Glochidion acuminatum","Phyllanthaceae","actinomorphic"
"Glochidion obovatum","Glochidion obovatum","Phyllanthaceae","actinomorphic"
"Glochidion zeylanicum","Glochidion zeylanicum","Phyllanthaceae","actinomorphic"
"Securinega suffruticosa","Securinega suffruticosa","Phyllanthaceae","actinomorphic"
"Phytolacca americana","Phytolacca americana","Phytolaccaceae","actinomorphic"
"Phytolacca decandra","Phytolacca decandra","Phytolaccaceae","actinomorphic"
"Pinus luchuensis","Pinus luchuensis","Pinaceae",NA
"PittosPorum tobira","Pittosporum tobira","Pittosporaceae","actinomorphic"
"Bacopa monniera","Bacopa monniera","Plantaginaceae","actinomorphic"
"Collinsia verna","Collinsia verna","Plantaginaceae","zygomorphic"
"Digitalis purpurea","Digitalis purpurea","Plantaginaceae","zygomorphic"
"Galvezia leucantha","Galvezia leucantha","Plantaginaceae","zygomorphic"
"Globularia alypum","Globularia alypum","Plantaginaceae","zygomorphic"
"Gratiola virginiana","Gratiola virginiana","Plantaginaceae","zygomorphic"
"Hebe epacridea","Hebe epacridea","Plantaginaceae","zygomorphic"
"Hebe odora","Hebe odora","Plantaginaceae","zygomorphic"
"Hebe pinguifolia","Hebe pinguifolia","Plantaginaceae","zygomorphic"
"Hebe salicifolia","Hebe salicifolia","Plantaginaceae","zygomorphic"
"Hebe subalpina","Hebe subalpina","Plantaginaceae","zygomorphic"
"Linaria vulgaris","Linaria vulgaris","Plantaginaceae","zygomorphic"
"Ourisia caespitosa","Ourisia caespitosa","Plantaginaceae","zygomorphic"
"Ourisia macrocarpa","Ourisia macrocarpa","Plantaginaceae","zygomorphic"
"Parahebe decora","Parahebe decora","Plantaginaceae","zygomorphic"
"Penstemon gentianoides","Penstemon gentianoides","Plantaginaceae","zygomorphic"
"Penstemon halli","Penstemon hallii","Plantaginaceae","zygomorphic"
"Penstemon hirsutus","Penstemon hirsutus","Plantaginaceae","zygomorphic"
"Penstemon laevigatus","Penstemon laevigatus","Plantaginaceae","zygomorphic"
"Penstemon secundiflorus","Penstemon secundiflorus","Plantaginaceae","zygomorphic"
"Plantago asiatica","Plantago asiatica","Plantaginaceae","zygomorphic"
"Plantago lagopus","Plantago lagopus","Plantaginaceae","actinomorphic"
"Plantago lanceolata","Plantago lanceolata","Plantaginaceae","actinomorphic"
"Plantago major","Plantago major","Plantaginaceae","actinomorphic"
"Veronica agrestis","Veronica agrestis","Plantaginaceae","zygomorphic"
"Veronica arvensis","Veronica arvensis","Plantaginaceae","zygomorphic"
"Veronica beccabunga","Veronica beccabunga","Plantaginaceae","zygomorphic"
"Veronica chamaedrys","Veronica chamaedrys","Plantaginaceae","zygomorphic"
"Veronica peregrina","Veronica peregrina","Plantaginaceae","zygomorphic"
"Veronica persica","Veronica persica","Plantaginaceae","zygomorphic"
"Veronica rotunda","Veronica rotunda","Plantaginaceae","zygomorphic"
"Veronica serpyllifolia","Veronica serpyllifolia","Plantaginaceae","zygomorphic"
"Veronicastrum sibiricum","Veronicastrum sibiricum","Plantaginaceae","zygomorphic"
"Armeria scabra","Armeria scabra","Plumbaginaceae","actinomorphic"
"Armeria velutina","Armeria velutina","Plumbaginaceae","actinomorphic"
"Plumbago scandens","Plumbago scandens","Plumbaginaceae","actinomorphic"
"Agrostis clavata","Agrostis clavata","Poaceae",NA
"Calamagrostis arundinacea","Calamagrostis arundinacea","Poaceae",NA
"Digitaria ciliaris","Digitaria ciliaris","Poaceae",NA
"Isachne globosa","Isachne globosa","Poaceae",NA
"Panicum virgatum","Panicum virgatum","Poaceae",NA
"Phragmites communis","Phragmites communis","Poaceae",NA
"Poa pratensis","Poa pratensis","Poaceae",NA
"Setaria geniculta","Setaria geniculata","Poaceae",NA
"Zea mays","Zea mays","Poaceae",NA
"Collomia biflora","Collomia biflora","Polemoniaceae","actinomorphic"
"Gilia aggregata","Gilia aggregata","Polemoniaceae","actinomorphic"
"Phlox divaricata","Phlox divaricata","Polemoniaceae","actinomorphic"
"Phlox glaberrima","Phlox glaberrima","Polemoniaceae","actinomorphic"
"Phlox pilosa","Phlox pilosa","Polemoniaceae","actinomorphic"
"Phlox subulata","Phlox subulata","Polemoniaceae","actinomorphic"
"Polemonium reptans","Polemonium reptans","Polemoniaceae","actinomorphic"
"Polygala japonica","Polygala japonica","Polygalaceae","actinomorphic"
"Polygala sanguinea","Polygala sanguinea","Polygalaceae","actinomorphic"
"Antenoron filiforme","Antenoron filiforme","Polygonaceae","actinomorphic"
"Bistorta tenuicaulis","Bistorta tenuicaulis","Polygonaceae","actinomorphic"
"Coccoloba sp1 M_PL_041","Coccoloba","Polygonaceae","actinomorphic"
"Muehlenbeckia axillaris","Muehlenbeckia axillaris","Polygonaceae","actinomorphic"
"Muehlenbeckia complexa","Muehlenbeckia complexa","Polygonaceae","actinomorphic"
"Persicaria chinensis","Persicaria chinensis","Polygonaceae","actinomorphic"
"Persicaria pubescens","Persicaria pubescens","Polygonaceae","actinomorphic"
"Persicaria senticosa","Persicaria senticosa","Polygonaceae","actinomorphic"
"Persicaria sieboldi","Persicaria sieboldi","Polygonaceae","actinomorphic"
"Persicaria thunbergii","Persicaria thunbergii","Polygonaceae","actinomorphic"
"Polygonum amphibium","Polygonum amphibium","Polygonaceae","actinomorphic"
"Polygonum bistorta","Polygonum bistorta","Polygonaceae","actinomorphic"
"Polygonum cuspidatum","Polygonum cuspidatum","Polygonaceae","actinomorphic"
"Polygonum hydropiper","Polygonum hydropiper","Polygonaceae","actinomorphic"
"Polygonum hydropiperoides","Polygonum hydropiperoides","Polygonaceae","actinomorphic"
"Polygonum lapathifolium","Polygonum lapathifolium","Polygonaceae","actinomorphic"
"Polygonum opelousanum","Polygonum opelousanum","Polygonaceae","actinomorphic"
"Polygonum pennsylvanicum","Polygonum pennsylvanicum","Polygonaceae","actinomorphic"
"Polygonum persicaria","Polygonum persicaria","Polygonaceae","actinomorphic"
"Polygonum viviparum","Polygonum viviparum","Polygonaceae","actinomorphic"
"Reynoutria japonica","Reynoutria japonica","Polygonaceae","actinomorphic"
"Monochoria korsakowii","Monochoria korsakowii","Pontederiaceae","actinomorphic"
"Monochoria vaginalis","Monochoria vaginalis","Pontederiaceae","actinomorphic"
"Pontederia cordata","Pontederia cordata","Pontederiaceae","actinomorphic"
"Portulaca oleracea","Portulaca oleracea","Portulacaceae","actinomorphic"
"Anagallis alternifolia","Anagallis alternifolia","Primulaceae","actinomorphic"
"Anagallis arvensis","Anagallis arvensis","Primulaceae","actinomorphic"
"Ardisia pusilla","Ardisia pusilla","Primulaceae","actinomorphic"
"Ardisia quinquegona","Ardisia quinquegona","Primulaceae","actinomorphic"
"Ardisia sieboldii","Ardisia sieboldii","Primulaceae","actinomorphic"
"Badula insularis","Badula insularis","Primulaceae","actinomorphic"
"Cybianthus quelchii","Cybianthus quelchii","Primulaceae","actinomorphic"
"Cyclamen graecum","Cyclamen graecum","Primulaceae","actinomorphic"
"Dodecatheon meadia","Dodecatheon meadia","Primulaceae","actinomorphic"
"Jacquinia arborea","Jacquinia arborea","Primulaceae","actinomorphic"
"Lysimachia clethroides","Lysimachia clethroides","Primulaceae","actinomorphic"
"Lysimachia fortunei","Lysimachia fortunei","Primulaceae","actinomorphic"
"Lysimachia mauiriana","Lysimachia mauritiana","Primulaceae","actinomorphic"
"Lysimachia vulgaris","Lysimachia vulgaris","Primulaceae","actinomorphic"
"Maesa tenera","Maesa tenera","Primulaceae","actinomorphic"
"Myrsine segttinii","Myrsine seguinii","Primulaceae","actinomorphic"
"Primula veris","Primula veris","Primulaceae","actinomorphic"
"Steironema lanceolatum","Steironema lanceolatum","Primulaceae","actinomorphic"
"Trientalis borealis","Trientalis borealis","Primulaceae","actinomorphic"
"Trientalis europaea","Trientalis europaea","Primulaceae","actinomorphic"
"Embothrium coccineum","Embothrium coccineum","Proteaceae","zygomorphic"
"Gevuina avellana","Gevuina avellana","Proteaceae","zygomorphic"
"Orites lancifolia","Orites lancifolia","Proteaceae","actinomorphic"
"Aconitum columbianum","Aconitum columbianum","Ranunculaceae","actinomorphic"
"Aconitum japonicum","Aconitum japonicum","Ranunculaceae","actinomorphic"
"Aconitum japonicum montanum","Aconitum japonicum","Ranunculaceae","actinomorphic"
"Aconitum senanense","Aconitum senanense","Ranunculaceae","actinomorphic"
"Anemone coronaria","Anemone coronaria","Ranunculaceae","actinomorphic"
"Anemone flaccida","Anemone flaccida","Ranunculaceae","actinomorphic"
"Anemone pavonina","Anemone pavonina","Ranunculaceae","actinomorphic"
"Anemonella thalictroides","Anemonella thalictroides","Ranunculaceae","actinomorphic"
"Aquilegia brevistyla","Aquilegia brevistyla","Ranunculaceae","actinomorphic"
"Aquilegia buergeriana","Aquilegia buergeriana","Ranunculaceae","actinomorphic"
"Aquilegia canadensis","Aquilegia canadensis","Ranunculaceae","actinomorphic"
"Aquilegia coerulea","Aquilegia coerulea","Ranunculaceae","actinomorphic"
"Barneoudia chilensis","Barneoudia chilensis","Ranunculaceae","actinomorphic"
"Caltha leptosepala","Caltha leptosepala","Ranunculaceae","actinomorphic"
"Caltha palustris","Caltha palustris","Ranunculaceae","actinomorphic"
"Cimicifuga acerina","Cimicifuga acerina","Ranunculaceae","actinomorphic"
"Cimicifuga simplex","Cimicifuga simplex","Ranunculaceae","actinomorphic"
"Clematis apiifolia","Clematis apiifolia","Ranunculaceae","actinomorphic"
"Clematis grata","Clematis grata","Ranunculaceae","actinomorphic"
"Clematis pitcheri","Clematis pitcheri","Ranunculaceae","actinomorphic"
"Clematis terniflora","Clematis terniflora","Ranunculaceae","actinomorphic"
"Clematis virginiana","Clematis virginiana","Ranunculaceae","actinomorphic"
"Clematis vitalba","Clematis vitalba","Ranunculaceae","actinomorphic"
"Delphinium peregrinum","Delphinium peregrinum","Ranunculaceae","actinomorphic"
"Delphinium tricorne","Delphinium tricorne","Ranunculaceae","actinomorphic"
"Hepatica acutiloba","Hepatica acutiloba","Ranunculaceae","actinomorphic"
"Hepatica americana","Hepatica americana","Ranunculaceae","actinomorphic"
"Isopyrum biternatum","Isopyrum biternatum","Ranunculaceae","actinomorphic"
"Myosurus minimus","Myosurus minimus","Ranunculaceae","actinomorphic"
"Nigella arvensis","Nigella arvensis","Ranunculaceae","actinomorphic"
"Ranunculus abortivus","Ranunculus abortivus","Ranunculaceae","actinomorphic"
"Ranunculus acris","Ranunculus acris","Ranunculaceae","actinomorphic"
"Ranunculus cortusaefolius","Ranunculus cortusifolius","Ranunculaceae","actinomorphic"
"Ranunculus enysii","Ranunculus enysii","Ranunculaceae","actinomorphic"
"Ranunculus fascicularis","Ranunculus fascicularis","Ranunculaceae","actinomorphic"
"Ranunculus flammula","Ranunculus flammula","Ranunculaceae","actinomorphic"
"Ranunculus japonicus","Ranunculus japonicus","Ranunculaceae","actinomorphic"
"Ranunculus peduncularis","Ranunculus peduncularis","Ranunculaceae","actinomorphic"
"Ranunculus recurvatus","Ranunculus recurvatus","Ranunculaceae","actinomorphic"
"Ranunculus repens","Ranunculus repens","Ranunculaceae","actinomorphic"
"Ranunculus septentrionalis","Ranunculus septentrionalis","Ranunculaceae","actinomorphic"
"Ranunculus sieboldii","Ranunculus sieboldii","Ranunculaceae","actinomorphic"
"Ranunculus silerifolius","Ranunculus silerifolius","Ranunculaceae","actinomorphic"
"Ranunculus sp1 M_PL_046","Ranunculus","Ranunculaceae","actinomorphic"
"Ranunculus sulphureus","Ranunculus sulphureus","Ranunculaceae","actinomorphic"
"Thalictrum dasycarpum","Thalictrum dasycarpum","Ranunculaceae","actinomorphic"
"Thalictrum fendleri","Thalictrum fendleri","Ranunculaceae","actinomorphic"
"Thalictrum thalictroides","Thalictrum thalictroides","Ranunculaceae","actinomorphic"
"Trollius europaeus","Trollius europaeus","Ranunculaceae","actinomorphic"
"Trollius hondoensis","Trollius hondoensis","Ranunculaceae","actinomorphic"
"Reseada luteola","Reseda luteola","Resedaceae","actinomorphic"
"Reseda alba","Reseda alba","Resedaceae","actinomorphic"
"Ceanothus americanus","Ceanothus americanus","Rhamnaceae","actinomorphic"
"Colletia paradoxa","Colletia paradoxa","Rhamnaceae","actinomorphic"
"Discaria nana","Discaria nana","Rhamnaceae","actinomorphic"
"Discaria toumatou","Discaria toumatou","Rhamnaceae","actinomorphic"
"Discaria trinervis","Discaria trinervis","Rhamnaceae","actinomorphic"
"Rhamnella franguloides","Rhamnella franguloides","Rhamnaceae","actinomorphic"
"Rhamnus glandulosa","Rhamnus glandulosa","Rhamnaceae","actinomorphic"
"Rhamnus lanceolata","Rhamnus lanceolata","Rhamnaceae","actinomorphic"
"Acaena pinn","Acaena","Rosaceae","actinomorphic"
"Acaena pinnatifida","Acaena pinnatifida","Rosaceae","actinomorphic"
"Agrimonia eupatoria","Agrimonia eupatoria","Rosaceae","actinomorphic"
"Agrimonia pilosa","Agrimonia pilosa","Rosaceae","actinomorphic"
"Agrimonia striata","Agrimonia striata","Rosaceae","actinomorphic"
"Amelanchier canadensis","Amelanchier canadensis","Rosaceae","actinomorphic"
"Aronia melanocarpa","Aronia melanocarpa","Rosaceae","actinomorphic"
"Aruncus dioicus","Aruncus dioicus","Rosaceae","actinomorphic"
"Aruncus sylvester","Aruncus sylvester","Rosaceae","actinomorphic"
"Crataegus coccinea","Crataegus coccinea","Rosaceae","actinomorphic"
"Crataegus crus-galli","Crataegus crus-galli","Rosaceae","actinomorphic"
"Crataegus mollis","Crataegus mollis","Rosaceae","actinomorphic"
"Dryas integrifolia","Dryas integrifolia","Rosaceae","actinomorphic"
"Dryas octopetala","Dryas octopetala","Rosaceae","actinomorphic"
"Dryas sp1 M_PL_014","Dryas","Rosaceae","actinomorphic"
"Drymocallis fissa","Drymocallis fissa","Rosaceae","actinomorphic"
"Duchesnea chrysantha","Duchesnea chrysantha","Rosaceae","actinomorphic"
"Eriobotrya japonica","Eriobotrya japonica","Rosaceae","actinomorphic"
"Filipendula multifuga","Filipendula multijuga","Rosaceae","actinomorphic"
"Filipendula ulmaria","Filipendula ulmaria","Rosaceae","actinomorphic"
"Fragaria nipponica","Fragaria nipponica","Rosaceae","actinomorphic"
"Fragaria vesca","Fragaria vesca","Rosaceae","actinomorphic"
"Geum canadense","Geum canadense","Rosaceae","actinomorphic"
"Geum japonicum","Geum japonicum","Rosaceae","actinomorphic"
"Geum rivale","Geum rivale","Rosaceae","actinomorphic"
"Geum rossii","Geum rossii","Rosaceae","actinomorphic"
"Geum vernum","Geum vernum","Rosaceae","actinomorphic"
"Kerria japonica","Kerria japonica","Rosaceae","actinomorphic"
"Malus halliana","Malus halliana","Rosaceae","actinomorphic"
"Malus sieboldii","Malus sieboldii","Rosaceae","actinomorphic"
"Photinia glabra","Photinia glabra","Rosaceae","actinomorphic"
"Potentilla anserina","Potentilla anserina","Rosaceae","actinomorphic"
"Potentilla arguta","Potentilla arguta","Rosaceae","actinomorphic"
"Potentilla canadensis","Potentilla canadensis","Rosaceae","actinomorphic"
"Potentilla crantzii","Potentilla crantzii","Rosaceae","actinomorphic"
"Potentilla egedei","Potentilla egedei","Rosaceae","actinomorphic"
"Potentilla erecta","Potentilla erecta","Rosaceae","actinomorphic"
"Potentilla freyniana","Potentilla freyniana","Rosaceae","actinomorphic"
"Potentilla gracilis","Potentilla gracilis","Rosaceae","actinomorphic"
"Potentilla hyparctica","Potentilla hyparctica","Rosaceae","actinomorphic"
"Potentilla nivea","Potentilla nivea","Rosaceae","actinomorphic"
"Potentilla pulcherrima","Potentilla pulcherrima","Rosaceae","actinomorphic"
"Potentilla rubricaulis","Potentilla rubricaulis","Rosaceae","actinomorphic"
"Potentilla sp1 M_PL_014","Potentilla","Rosaceae","actinomorphic"
"Potentilla vahliana","Potentilla vahliana","Rosaceae","actinomorphic"
"Prunus americana","Prunus americana","Rosaceae","actinomorphic"
"Prunus Grayana","Prunus grayana","Rosaceae","actinomorphic"
"Prunus incisa","Prunus incisa","Rosaceae","actinomorphic"
"Prunus jamasakura","Prunus jamasakura","Rosaceae","actinomorphic"
"Prunus maximowiczii","Prunus maximowiczii","Rosaceae","actinomorphic"
"Prunus nipponica","Prunus nipponica","Rosaceae","actinomorphic"
"Prunus padus","Prunus padus","Rosaceae","actinomorphic"
"Prunus salicina","Prunus salicina","Rosaceae","actinomorphic"
"Prunus serotina","Prunus serotina","Rosaceae","actinomorphic"
"Prunus sp1 M_PL_054","Prunus","Rosaceae","actinomorphic"
"Prunus tomentosa","Prunus tomentosa","Rosaceae","actinomorphic"
"Prunus virginiana","Prunus virginiana","Rosaceae","actinomorphic"
"Pyracantha angustifolia","Pyracantha angustifolia","Rosaceae","actinomorphic"
"Pyracantha crenulata","Pyracantha crenulata","Rosaceae","actinomorphic"
"Rhaphiolepis indica","Rhaphiolepis indica","Rosaceae","actinomorphic"
"Rosa acicularis","Rosa acicularis","Rosaceae","actinomorphic"
"Rosa eglanteria","Rosa eglanteria","Rosaceae","actinomorphic"
"Rosa multiflora","Rosa multiflora","Rosaceae","actinomorphic"
"Rosa rubiginosa","Rosa rubiginosa","Rosaceae","actinomorphic"
"Rosa setigera","Rosa setigera","Rosaceae","actinomorphic"
"Rubus alcefolius","Rubus alceifolius","Rosaceae","actinomorphic"
"Rubus buergeri","Rubus buergeri","Rosaceae","actinomorphic"
"Rubus canadensis","Rubus canadensis","Rosaceae","actinomorphic"
"Rubus crataegifolius","Rubus crataegifolius","Rosaceae","actinomorphic"
"Rubus croceacanthus","Rubus croceacanthus","Rosaceae","actinomorphic"
"Rubus deliciosus","Rubus deliciosus","Rosaceae","actinomorphic"
"Rubus fruticosus","Rubus fruticosus","Rosaceae","actinomorphic"
"Rubus grayanus","Rubus grayanus","Rosaceae","actinomorphic"
"Rubus illecebrosus","Rubus illecebrosus","Rosaceae","actinomorphic"
"Rubus occidentalis","Rubus occidentalis","Rosaceae","actinomorphic"
"Rubus palmatus","Rubus palmatus","Rosaceae","actinomorphic"
"Rubus parvifolius","Rubus parvifolius","Rosaceae","actinomorphic"
"Rubus phoenicolasius","Rubus phoenicolasius","Rosaceae","actinomorphic"
"Rubus pungens","Rubus pungens","Rosaceae","actinomorphic"
"Rubus rosaefolius","Rubus rosaefolius","Rosaceae","actinomorphic"
"Rubus sieboldii","Rubus sieboldii","Rosaceae","actinomorphic"
"Rubus strigosus","Rubus strigosus","Rosaceae","actinomorphic"
"Rubus ulmifolius","Rubus ulmifolius","Rosaceae","actinomorphic"
"Sanguisorba officinalis","Sanguisorba officinalis","Rosaceae","actinomorphic"
"Sarcopoterium spinosum","Sarcopoterium spinosum","Rosaceae","actinomorphic"
"Sorbus commixta","Sorbus commixta","Rosaceae","actinomorphic"
"Sorbus sp1 M_PL_048","Sorbus","Rosaceae","actinomorphic"
"Spiraea alba","Spiraea alba","Rosaceae","actinomorphic"
"Spiraea blumei","Spiraea blumei","Rosaceae","actinomorphic"
"Spiraea cantoniensis","Spiraea cantoniensis","Rosaceae","actinomorphic"
"Spiraea japonica","Spiraea japonica","Rosaceae","actinomorphic"
"Spiraea thunbergii","Spiraea thunbergii","Rosaceae","actinomorphic"
"Stephanandra incisa","Stephanandra incisa","Rosaceae","actinomorphic"
"Tetraglochin alatum","Tetraglochin alatum","Rosaceae","actinomorphic"
"Roussea simplex","Roussea simplex","Rousseaceae","actinomorphic"
"Antirhea borbonica","Antirhea borbonica","Rubiaceae","actinomorphic"
"Asperula gunnii","Asperula gunnii","Rubiaceae","actinomorphic"
"Bertiera zaluzania","Bertiera zaluzania","Rubiaceae","actinomorphic"
"Borreria capitata","Borreria capitata","Rubiaceae","actinomorphic"
"Bouvardia ternifolia","Bouvardia ternifolia","Rubiaceae","actinomorphic"
"Cephalanthus occidentalis","Cephalanthus occidentalis","Rubiaceae","actinomorphic"
"Chassalia coriacea","Chassalia coriacea","Rubiaceae","actinomorphic"
"Chassalia petrinensis","Chassalia petrinensis","Rubiaceae","actinomorphic"
"Coffea arabica","Coffea arabica","Rubiaceae","actinomorphic"
"Coffea macrocarpa","Coffea macrocarpa","Rubiaceae","actinomorphic"
"Coffea mauritiana","Coffea mauritiana","Rubiaceae","actinomorphic"
"Craterispermum microdon","Craterispermum microdon","Rubiaceae","actinomorphic"
"Declieuxia fruticosa","Declieuxia fruticosa","Rubiaceae","actinomorphic"
"Gaertnera petrinensis","Gaertnera petrinensis","Rubiaceae","actinomorphic"
"Gaertnera rotundifolia","Gaertnera rotundifolia","Rubiaceae","actinomorphic"
"Gaertnera sp1 M_PL_082","Gaertnera","Rubiaceae","actinomorphic"
"Galium aperine","Galium aparine","Rubiaceae","actinomorphic"
"Galium boreale","Galium boreale","Rubiaceae","actinomorphic"
"Galium japonicum","Galium japonicum","Rubiaceae","actinomorphic"
"Galium palustre","Galium palustre","Rubiaceae","actinomorphic"
"Galium perpusillum","Galium perpusillum","Rubiaceae","actinomorphic"
"Galium saxatile","Galium saxatile","Rubiaceae","actinomorphic"
"Galium trifidum","Galium trifidum","Rubiaceae","actinomorphic"
"Galium verum","Galium verum","Rubiaceae","actinomorphic"
"Glionnetia sericea","Glionnetia sericea","Rubiaceae","actinomorphic"
"Gonzalagunia hirsuta","Gonzalagunia hirsuta","Rubiaceae","actinomorphic"
"Guettarda scabra","Guettarda scabra","Rubiaceae","actinomorphic"
"Hamelia versicolor","Hamelia versicolor","Rubiaceae","actinomorphic"
"Isertia hypoleuca","Isertia hypoleuca","Rubiaceae","actinomorphic"
"Isertia rosea","Isertia rosea","Rubiaceae","actinomorphic"
"Lasianthus japonicus","Lasianthus japonicus","Rubiaceae","actinomorphic"
"Manettia cordifolia","Manettia cordifolia","Rubiaceae","actinomorphic"
"Morinda citrifolia","Morinda citrifolia","Rubiaceae","actinomorphic"
"Morinda royoc","Morinda royoc","Rubiaceae","actinomorphic"
"Morinda umbellata","Morinda umbellata","Rubiaceae","actinomorphic"
"Myonima violacea","Myonima violacea","Rubiaceae","actinomorphic"
"Oreopolus glacialis","Oreopolus glacialis","Rubiaceae","actinomorphic"
"Paederia scandens","Paederia scandens","Rubiaceae","actinomorphic"
"Palicourea crocea","Palicourea crocea","Rubiaceae","actinomorphic"
"Palicourea sp1 M_PL_071","Palicourea","Rubiaceae","actinomorphic"
"Plocama pendula","Plocama pendula","Rubiaceae","actinomorphic"
"Portlandia grandiflora","Portlandia grandiflora","Rubiaceae","actinomorphic"
"Psathura terniflora","Psathura terniflora","Rubiaceae","actinomorphic"
"Psychotria bahiensis","Psychotria bahiensis","Rubiaceae","actinomorphic"
"Psychotria homalosperma","Psychotria homalosperma","Rubiaceae","actinomorphic"
"Psychotria leiocarpa","Psychotria leiocarpa","Rubiaceae","actinomorphic"
"Psychotria pervillei","Psychotria pervillei","Rubiaceae","actinomorphic"
"Psychotria platypoda","Psychotria platypoda","Rubiaceae","actinomorphic"
"Psychotria rufipes","Psychotria rufipes","Rubiaceae","actinomorphic"
"Psychotria suterella","Psychotria suterella","Rubiaceae","actinomorphic"
"Retiniphyllum rhabdocalyx","Retiniphyllum rhabdocalyx","Rubiaceae","actinomorphic"
"Serissa japonica","Serissa japonica","Rubiaceae","actinomorphic"
"Sherardia arvensis","Sherardia arvensis","Rubiaceae","actinomorphic"
"Sipanea galioides","Sipanea galioides","Rubiaceae","actinomorphic"
"Spermacoce assurgens","Spermacoce assurgens","Rubiaceae","actinomorphic"
"Staelia galioides","Staelia galioides","Rubiaceae","actinomorphic"
"Timonius sechellensis","Timonius sechellensis","Rubiaceae","actinomorphic"
"Wendtandia formosana","Wendlandia formosana","Rubiaceae","actinomorphic"
"Citrus tachibana","Citrus tachibana","Rutaceae","actinomorphic"
"Euodia meliifolia","Euodia meliifolia","Rutaceae","actinomorphic"
"Orixa japonica","Orixa japonica","Rutaceae","actinomorphic"
"Phellodendron amurense","Phellodendron amurense","Rutaceae","actinomorphic"
"Ptelea trifoliata","Ptelea trifoliata","Rutaceae","actinomorphic"
"Ruta chalepensis","Ruta chalepensis","Rutaceae","actinomorphic"
"Ruta graveolens","Ruta graveolens","Rutaceae","actinomorphic"
"Toddalia asiatica","Toddalia asiatica","Rutaceae","actinomorphic"
"Zanthoxylum americanum","Zanthoxylum americanum","Rutaceae","actinomorphic"
"Meliosma oldhamii","Meliosma oldhamii","Sabiaceae","actinomorphic"
"Meliosma rigida","Meliosma rigida","Sabiaceae","actinomorphic"
"Meliosma tenuis","Meliosma tenuis","Sabiaceae","actinomorphic"
"Idesia polycarpa","Idesia polycarpa","Salicaceae","actinomorphic"
"Populus deltoides","Populus deltoides","Salicaceae","actinomorphic"
"Populus tremuloides","Populus tremuloides","Salicaceae","actinomorphic"
"Salix amygdaloides","Salix amygdaloides","Salicaceae","actinomorphic"
"Salix arctica","Salix arctica","Salicaceae","actinomorphic"
"Salix aurita","Salix aurita","Salicaceae","actinomorphic"
"Salix cinerea","Salix cinerea","Salicaceae","actinomorphic"
"Salix cordata","Salix cordata","Salicaceae","actinomorphic"
"Salix fragilis","Salix fragilis","Salicaceae","actinomorphic"
"Salix glauca","Salix glauca","Salicaceae","actinomorphic"
"Salix gracilistyla","Salix gracilistyla","Salicaceae","actinomorphic"
"Salix humilis","Salix humilis","Salicaceae","actinomorphic"
"Salix lanata","Salix lanata","Salicaceae","actinomorphic"
"Salix nigra","Salix nigra","Salicaceae","actinomorphic"
"Salix polaris","Salix polaris","Salicaceae","actinomorphic"
"Salix repens","Salix repens","Salicaceae","actinomorphic"
"Salix reticulata","Salix reticulata","Salicaceae","actinomorphic"
"Salix sp1 M_PL_014","Salix","Salicaceae","actinomorphic"
"Comandra umbellata","Comandra umbellata","Santalaceae","actinomorphic"
"Osyris alba","Osyris alba","Santalaceae","actinomorphic"
"Osyris quadripartita","Osyris quadripartita","Santalaceae","actinomorphic"
"Acer carpinifolium","Acer carpinifolium","Sapindaceae","actinomorphic"
"Acer insulae","Acer insulare","Sapindaceae","actinomorphic"
"Acer japonicum","Acer japonicum","Sapindaceae","actinomorphic"
"Acer negundo","Acer negundo","Sapindaceae","actinomorphic"
"Acer rufinerve","Acer rufinerve","Sapindaceae","actinomorphic"
"Acer saccharinum","Acer saccharinum","Sapindaceae","actinomorphic"
"Acer shirasawanum","Acer shirasawanum","Sapindaceae","actinomorphic"
"Acer ukurunduense","Acer ukurunduense","Sapindaceae","actinomorphic"
"Aesculus camea","Aesculus","Sapindaceae","actinomorphic"
"Aesculus glabra","Aesculus glabra","Sapindaceae","actinomorphic"
"Aesculus hippocastanum","Aesculus hippocastanum","Sapindaceae","actinomorphic"
"Aesculus sylvatica","Aesculus sylvatica","Sapindaceae","actinomorphic"
"Aesculus turbinata","Aesculus turbinata","Sapindaceae","actinomorphic"
"Dodonaea viscosa","Dodonaea viscosa","Sapindaceae","actinomorphic"
"Doratoxylon apetalum","Doratoxylon apetalum","Sapindaceae","actinomorphic"
"Labourdonnaisia callophylloides","Labourdonnaisia calophylloides","Sapotaceae","actinomorphic"
"Sideroxylon cinereum","Sideroxylon cinereum","Sapotaceae","actinomorphic"
"Sideroxylon puberulum","Sideroxylon puberulum","Sapotaceae","actinomorphic"
"Heliamphora heterodoxa","Heliamphora heterodoxa","Sarraceniaceae","actinomorphic"
"Houttuynia cordata","Houttuynia cordata","Saururaceae","actinomorphic"
"Astilbe thunbergii","Astilbe thunbergii","Saxifragaceae","actinomorphic"
"Rodgersia podophylla","Rodgersia podophylla","Saxifragaceae","actinomorphic"
"Saxifraga aizoides","Saxifraga aizoides","Saxifragaceae","actinomorphic"
"Saxifraga cernua","Saxifraga cernua","Saxifragaceae","actinomorphic"
"Saxifraga flagellaris","Saxifraga flagellaris","Saxifragaceae","actinomorphic"
"Saxifraga hirculus","Saxifraga hirculus","Saxifragaceae","actinomorphic"
"Saxifraga nivalis","Saxifraga nivalis","Saxifragaceae","actinomorphic"
"Saxifraga oppositifolia","Saxifraga oppositifolia","Saxifragaceae","actinomorphic"
"Saxifraga sp1 M_PL_014","Saxifraga","Saxifragaceae","actinomorphic"
"Saxifraga tricuspidata","Saxifraga tricuspidata","Saxifragaceae","actinomorphic"
"Saxifraga triscupidata","Saxifraga tricuspidata","Saxifragaceae","actinomorphic"
"Arjona patagonica","Arjona patagonica","Schoepfiaceae","actinomorphic"
"Buddleia davidii","Buddleia davidii","Scrophulariaceae","zygomorphic"
"Capraria biflora","Capraria biflora","Scrophulariaceae","zygomorphic"
"Scrophularia glabrata","Scrophularia glabrata","Scrophulariaceae","zygomorphic"
"Scrophularia marilandica","Scrophularia marilandica","Scrophulariaceae","zygomorphic"
"Verbascum thapsis","Verbascum thapsus","Scrophulariaceae","zygomorphic"
"Castela galapageia","Castela galapageia","Simaroubaceae","actinomorphic"
"Rhus javanica","Rhus javanica","Simaroubaceae","actinomorphic"
"Soulamea terminaloides","Soulamea terminalioides","Simaroubaceae","actinomorphic"
"Smilax anceps","Smilax anceps","Smilacaceae","actinomorphic"
"Smilax aspera","Smilax aspera","Smilacaceae","actinomorphic"
"Smilax herbacea","Smilax herbacea","Smilacaceae","actinomorphic"
"Smilax hispida","Smilax hispida","Smilacaceae","actinomorphic"
"Capsicum frutescens","Capsicum frutescens","Solanaceae","actinomorphic"
"Datura stramonium","Datura stramonium","Solanaceae","actinomorphic"
"Datura tatula","Datura tatula","Solanaceae","actinomorphic"
"Jaborosa laciniata","Jaborosa laciniata","Solanaceae","actinomorphic"
"Lycopersicon cheesmanii","Lycopersicon cheesmanii","Solanaceae","actinomorphic"
"Markea coccinea","Markea coccinea","Solanaceae","actinomorphic"
"Nolana galapagensis","Nolana galapagensis","Solanaceae","actinomorphic"
"Petunia axillaris","Petunia axillaris","Solanaceae","actinomorphic"
"Physalis angulata","Physalis angulata","Solanaceae","actinomorphic"
"Physalis lanceolata","Physalis lanceolata","Solanaceae","actinomorphic"
"Physalis pubescens","Physalis pubescens","Solanaceae","actinomorphic"
"Physalis subglabrata","Physalis subglabrata","Solanaceae","actinomorphic"
"Physalis virginiana","Physalis virginiana","Solanaceae","actinomorphic"
"Schizanthus grahamii","Schizanthus grahamii","Solanaceae","actinomorphic"
"Solanum americanum","Solanum americanum","Solanaceae","actinomorphic"
"Solanum carolinense","Solanum carolinense","Solanaceae","actinomorphic"
"Solanum chacoense","Solanum chacoense","Solanaceae","actinomorphic"
"Solanum erianthum","Solanum erianthum","Solanaceae","actinomorphic"
"Solanum havanense","Solanum havanense","Solanaceae","actinomorphic"
"Solanum melongena","Solanum melongena","Solanaceae","actinomorphic"
"Solanum nigrum","Solanum nigrum","Solanaceae","actinomorphic"
"Solanum rostratum","Solanum rostratum","Solanaceae","actinomorphic"
"Solanum torvum","Solanum torvum","Solanaceae","actinomorphic"
"Stachyurus praecox","Stachyurus praecox","Stachyuraceae","actinomorphic"
"Euscaphis japonica","Euscaphis japonica","Staphyleaceae","actinomorphic"
"Staphylea bumalda","Staphylea bumalda","Staphyleaceae","actinomorphic"
"Staphylea trifolia","Staphylea trifolia","Staphyleaceae","actinomorphic"
"Croomia japonica","Croomia japonica","Stemonaceae","actinomorphic"
"Donatia novae-zelandiae","Donatia novae-zelandiae","Stylidiaceae","actinomorphic"
"Phyllachne colensoi","Phyllachne colensoi","Stylidiaceae","actinomorphic"
"Stylidium graminifolium","Stylidium graminifolium","Stylidiaceae","actinomorphic"
"Styrax japonica","Styrax japonica","Styracaceae","actinomorphic"
"Suriana maritima","Suriana maritima","Surianaceae","actinomorphic"
"Symplocos chinensis","Symplocos chinensis","Symplocaceae","actinomorphic"
"Adesmia brachy","Adesmia","Tenebrionidae","zygomorphic"
"Centropogon sp1 M_PL_068","Centropogon","Tetrarogidae","zygomorphic"
"Camellia japonica","Camellia japonica","Theaceae","actinomorphic"
"Camellia sasanqua","Camellia sasanqua","Theaceae","actinomorphic"
"Schima wallichii","Schima wallichii","Theaceae","actinomorphic"
"Stewartia monadelpha","Stewartia monadelpha","Theaceae","actinomorphic"
"Daphne gnidium","Daphne gnidium","Thymelaeaceae","actinomorphic"
"Daphnopsis americana","Daphnopsis americana","Thymelaeaceae","actinomorphic"
"Dirca palustris","Dirca palustris","Thymelaeaceae","actinomorphic"
"Edgeworthia chrysantha","Edgeworthia chrysantha","Thymelaeaceae","actinomorphic"
"Pimelea ligustrina","Pimelea ligustrina","Thymelaeaceae","actinomorphic"
"Pimelea traversii","Pimelea traversii","Thymelaeaceae","actinomorphic"
"Thymelaea hirsuta","Thymelaea hirsuta","Thymelaeaceae","actinomorphic"
"Thymelaea tartonraira","Thymelaea tartonraira","Thymelaeaceae","actinomorphic"
"Wikstroemia indica","Wikstroemia indica","Thymelaeaceae","actinomorphic"
"Tofieldia pusilla","Tofieldia pusilla","Tofieldiaceae","actinomorphic"
"Tropaeolum polyph","Tropaeolum","Tropaeolaceae","zygomorphic"
"Tropaeolum polyphyllum","Tropaeolum polyphyllum","Tropaeolaceae","zygomorphic"
"Tropaeolum sessilifolium","Tropaeolum sessilifolium","Tropaeolaceae","zygomorphic"
"Tropaeolum tricolor","Tropaeolum tricolor","Tropaeolaceae","zygomorphic"
"Typha angustifolia","Typha angustifolia","Typhaceae",NA
"Ulmus americana","Ulmus americana","Ulmaceae","actinomorphic"
"Ulmus davidiana","Ulmus davidiana","Ulmaceae","actinomorphic"
"Pimelea sericeo-villosa","Pimelea sericeo-villosa","Unionidae","actinomorphic"
"Pilea sp1 M_PL_040","Pilea","Urticaceae","actinomorphic"
"Valerianella radiata","Valerianella radiata","Valerianaceae","actinomorphic"
"Glandularia dissecta","Glandularia dissecta","Verbenaceae","actinomorphic"
"Junellia tonini","Junellia tonini","Verbenaceae","actinomorphic"
"Junellia uniflora","Junellia uniflora","Verbenaceae","actinomorphic"
"Lantana camara","Lantana camara","Verbenaceae","actinomorphic"
"Lantana involucrata","Lantana involucrata","Verbenaceae","actinomorphic"
"Lippia nodiflora","Lippia nodiflora","Verbenaceae","actinomorphic"
"Rhaphithamnus spinosus","Rhaphithamnus spinosus","Verbenaceae","actinomorphic"
"Stachytarpheta jamaicensis","Stachytarpheta jamaicensis","Verbenaceae","actinomorphic"
"Verbena hastata","Verbena hastata","Verbenaceae","actinomorphic"
"Verbena intermedia","Verbena intermedia","Verbenaceae","actinomorphic"
"Verbena stricta","Verbena stricta","Verbenaceae","actinomorphic"
"Verbena urticaefolia","Verbena urticaefolia","Verbenaceae","actinomorphic"
"Hybanthus concolor","Hybanthus concolor","Violaceae","zygomorphic"
"Payparola hulkiana","Paypayrola hulkiana","Violaceae","zygomorphic"
"Viola biflora","Viola biflora","Violaceae","zygomorphic"
"Viola cucullata","Viola cucullata","Violaceae","zygomorphic"
"Viola cunninghamii","Viola cunninghamii","Violaceae","zygomorphic"
"Viola grypoceras","Viola grypoceras","Violaceae","zygomorphic"
"Viola hondoensis","Viola hondoensis","Violaceae","zygomorphic"
"Viola kusanoana","Viola kusanoana","Violaceae","zygomorphic"
"Viola mandshurica","Viola mandshurica","Violaceae","zygomorphic"
"Viola orientalis","Viola orientalis","Violaceae","zygomorphic"
"Viola pedata","Viola pedata","Violaceae","zygomorphic"
"Viola pedatifida","Viola pedatifida","Violaceae","zygomorphic"
"Viola pubescens","Viola pubescens","Violaceae","zygomorphic"
"Viola riviniana","Viola riviniana","Violaceae","zygomorphic"
"Viola sagittata","Viola sagittata","Violaceae","zygomorphic"
"Viola striata","Viola striata","Violaceae","zygomorphic"
"Viola vaginata","Viola vaginata","Violaceae","zygomorphic"
"Viola verecunda","Viola verecunda","Violaceae","zygomorphic"
"Ampelopsis brevipedunculata","Ampelopsis brevipedunculata","Vitaceae","actinomorphic"
"Cayratia japonica","Cayratia japonica","Vitaceae","actinomorphic"
"Cissus sicycoides","Cissus sicyoides","Vitaceae","actinomorphic"
"Cissus simsiana","Cissus simsiana","Vitaceae","actinomorphic"
"Cissus verticillata","Cissus verticillata","Vitaceae","actinomorphic"
"Vitis cordifolia","Vitis cordifolia","Vitaceae","actinomorphic"
"Vitis vulpina","Vitis vulpina","Vitaceae","actinomorphic"
"Stellaria sp1 M_PL_014","Stellaria","Caryophyllaceae","actinomorphic"
"Xyris laxifolia","Xyris laxifolia","Xyridaceae","actinomorphic"
"Xyris sp1 M_PL_071","Xyris","Xyridaceae","actinomorphic"
"Alpinia formosana","Alpinia formosana","Zingiberaceae","zygomorphic"
"Alpinia intermedia","Alpinia intermedia","Zingiberaceae","zygomorphic"
"Hedychium coronarium","Hedychium coronarium","Zingiberaceae","zygomorphic"
"Renealmia sp1 M_PL_071","Renealmia","Zingiberaceae","zygomorphic"
"Larrea divaricata","Larrea divaricata","Zygophyllaceae","actinomorphic"
"Tribulus cistoides","Tribulus cistoides","Zygophyllaceae","actinomorphic"
"Alstonia","Alstonia macrophylla","Apocynaceae","actinomorphic"
"Aphloia","Aphloia theiformis","Flacourtiaceae","actinomorphic"
"Campnosperma","Campnosperma seychellarum","Anacardiaceae","actinomorphic"
"Canthium_b","Pyrostria bibracteata","Rubiaceae","actinomorphic"
"Canthium_c","Peponidium carinatum","Rubiaceae","actinomorphic"
"Chrysobalanus","Chrysobalanus icaco","Chrysobalanaceae","actinomorphic"
"Cinnamomum","Cinnamomum verum","Lauraceae","actinomorphic"
"Colea","Colea seychellarum","Bignoniaceae","zygomorphic"
"Craterispermum","Craterispermum microdon","Rubiaceae","actinomorphic"
"Deckenia","Deckenia nobilis","Palmae","actinomorphic"
"Dillenia","Dillenia ferruginea","Dilleniaceae","actinomorphic"
"Dracaena","Dracaena reflexa","Dracenaceae","actinomorphic"
"Erythroxylum","Erythroxylum sechellarum","Erythroxylaceae","actinomorphic"
"Excoecaria","Excoecaria benthamiana","Euphorbiaceae","actinomorphic"
"Glionnetia","Glionnetia sericea","Rubiaceae","actinomorphic"
"Ixora","Ixora pudica","Rubiaceae","actinomorphic"
"Medusagyne","Medusagyne oppositifolia","Medusagynaceae","actinomorphic"
"Memecylon","Memecylon elaeagni","Melastomataceae","actinomorphic"
"Mimusops","Mimusops sechellarum","Sapotaceae","actinomorphic"
"Nepenthes","Nepenthes pervillei","Nepenthaceae","actinomorphic"
"Nephrosperma","Nephrosperma vanhoutteanum","Palmae","actinomorphic"
"Northea","Northea seychellana","Sapotaceae","actinomorphic"
"Ochna","Ochna kirkii","Ochnaceae","actinomorphic"
"Paragenipa","Paragenipa lancifolia","Rubiaceae","actinomorphic"
"Phoenicophorium","Phoenicophorium borsigianum","Palmae","actinomorphic"
"Pittosporum","Pittosporum senacia","Pittosporaceae","actinomorphic"
"Polyscias","Polyscias crassa","Araliaceae","actinomorphic"
"Premna","Premna serratifolia","Lamiaceae","zygomorphic"
"Psidium","Psidium cattleianum","Myrtaceae","actinomorphic"
"Psychotria","Psychotria pervillei","Rubiaceae","actinomorphic"
"Roscheria","Roscheria melanochaetes","Palmae","actinomorphic"
"Soulamea","Soulamea terminalioides","Simaroubaceae","actinomorphic"
"Syzygium_j","Syzygium jambos","Myrtaceae","actinomorphic"
"Syzygium_w","Syzygium wrightii","Myrtaceae","actinomorphic"
"Timoneus","Timonius flavescens","Rubiaceae","actinomorphic"
"Aechmea cylindrata","Aechmea cylindrata","Bromeliaceae","actinomorphic"
"Nidularium campo-alegrensis","Nidularium campo-alegrensis","Bromeliaceae","actinomorphic"
"Vriesea guttata","Vriesea guttata","Bromeliaceae","zygomorphic"
"Vriesea heterostachys","Vriesea heterostachys","Bromeliaceae","zygomorphic"
"Vriesea hoehneana","Vriesea hoehneana","Bromeliaceae","zygomorphic"
"Vriesea platynema","Vriesea platynema","Bromeliaceae","zygomorphic"
"Wittrochia cyathiformis","Wittrochia cyathiformis","Bromeliaceae","actinomorphic"
"Acacia bahiensis","Acacia bahiensis","Fabaceae","actinomorphic"
"Anacardium occidentale","Anacardium occidentale","Anacardiaceae","actinomorphic"
"Stigmatophyllon auriculatum","Stigmatophyllon auriculatum","Malpighiaceae","actinomorphic"
"Alternathera brasiliana","Alternathera brasiliana","Amaranthaceae","actinomorphic"
"Boerhavia coccinia","Boerhavia coccinia","Nyctaginaceae","actinomorphic"
"Caesalpinia pyramidalis","Caesalpinia pyramidalis","Fabaceae","zygomorphic"
"Chamaecrista belemii","Chamaecrista belemii","Fabaceae","zygomorphic"
"Cardiospermum corindum","Cardiospermum corindum","Sapindaceae","actinomorphic"
"Croton echiodies","Croton echiodies","Euphorbiaceae","actinomorphic"
"Cordia globosa","Cordia globosa","Boraginaceae","actinomorphic"
"Capparis jacobinae","Capparis jacobinae","Capparaceae","actinomorphic"
"Cordia latiloba","Cordia latiloba","Boraginaceae","actinomorphic"
"Chaetocalys scandens","Chaetocalys scandens","Fabaceae","zygomorphic"
"Chlorophora tinctoria","Chlorophora tinctoria","Moraceae","actinomorphic"
"Cereus peruvianus","Cereus peruvianus","Cactaceae","actinomorphic"
"Capparis yco","Capparis yco","Capparaceae","actinomorphic"
"Evolvulus glomeratus","Evolvulus glomeratus","Convulvulaceae","actinomorphic"
"Eugenia rosea","Eugenia rosea","Myrtaceae","actinomorphic"
"Echinodorus subulatus","Echinodorus subulatus","Alismataceae","actinomorphic"
"Gomphrena holosericea","Gomphrena holosericea","Amaranthaceae","actinomorphic"
"Herissantia crispa","Herissantia crispa","Malvaceae","actinomorphic"
"Hydrocleis nymphaeoides","Hydrocleis nymphaeoides","Limnocharitaceae","actinomorphic"
"Herissantia tiubae","Herissantia tiubae","Malvaceae","actinomorphic"
"Jacquemontia spp","Jacquemontia spp","Convulvulaceae","actinomorphic"
"Jatropha mollissima","Jatropha mollissima","Euphorbiaceae","actinomorphic"
"Lippia pohliana","Lippia pohliana","Verbenaceae","actinomorphic"
"Mimosa arenosa","Mimosa arenosa","Fabaceae","actinomorphic"
"Melochia tomentosa","Melochia tomentosa","Sterculiaceae","actinomorphic"
"Mollugo verticillata","Mollugo verticillata","Molluginaceae","actinomorphic"
"Nymphoides indica","Nymphoides indica","Menyanthaceae","actinomorphic"
"Opundia palmadora","Opundia palmadora","Cactaceae","actinomorphic"
"Oxalis spp","Oxalis spp","Oxalidaceae","actinomorphic"
"Portulaca elatior","Portulaca elatior","Portulacaceae","actinomorphic"
"Passiflora foetida","Passiflora foetida","Passifloraceae","actinomorphic"
"Portulaca marginata","Portulaca marginata","Portulacaceae","actinomorphic"
"Poeppigica procera","Poeppigica procera","Fabaceae","zygomorphic"
"Peltogyne pauciflora","Peltogyne pauciflora","Fabaceae","zygomorphic"
"Rahphiodon echnius","Rahphiodon echnius","Lamiaceae","zygomorphic"
"Sidastrum paniculatum","Sidastrum paniculatum","Malvaceae","actinomorphic"
"Sida galheirensis","Sida galheirensis","Malvaceae","actinomorphic"
"Sida spp","Sida spp","Malvaceae","actinomorphic"
"Solanum gardnerii","Solanum gardnerii","Solanaceae","actinomorphic"
"Sideroxylon obtusifolium","Sideroxylon obtusifolium","Sapotaceae","actinomorphic"
"Solanum paniculatum","Solanum paniculatum","Solanaceae","actinomorphic"
"Senna spectabilis","Senna spectabilis","Fabaceae","zygomorphic"
"Syagrus vagans","Syagrus vagans","Arecaceae","actinomorphic"
"Tabebuia heptaphylla","Tabebuia heptaphylla","Bignoniaceae","zygomorphic"
"Ziziphus cotinifolia","Ziziphus cotinifolia","Rhamnaceae","actinomorphic"
"Aechmea mutica","Aechmea mutica","Bromeliaceae","actinomorphic"
"Aechmea nudicaulis","Aechmea nudicaulis","Bromeliaceae","actinomorphic"
"Aechmea pineliana","Aechmea pineliana","Bromeliaceae","actinomorphic"
"Aechmea triangularis","Aechmea triangularis","Bromeliaceae","actinomorphic"
"Aechmea victoriana","Aechmea victoriana","Bromeliaceae","actinomorphic"
"Canistrum triangulare","Canistrum triangulare","Bromeliaceae","actinomorphic"
"Neoregelia magdalaenae","Neoregelia magdalaenae","Bromeliaceae","actinomorphic"
"Neoregelia sp","Neoregelia sp","Bromeliaceae","actinomorphic"
"Nidularium cariacicaense","Nidularium cariacicaense","Bromeliaceae","actinomorphic"
"Nidularium procerum","Nidularium procerum","Bromeliaceae","actinomorphic"
"Portea petropolitana","Portea petropolitana","Bromeliaceae","actinomorphic"
"Quesnelia strobilispica","Quesnelia strobilispica","Bromeliaceae","actinomorphic"
"Tillandsia geminifolia","Tillandsia geminifolia","Bromeliaceae","actinomorphic"
"Vriesea gracilior","Vriesea gracilior","Bromeliaceae","zygomorphic"
"Vriesea psittacina","Vriesea psittacina","Bromeliaceae","zygomorphic"
"Vriesea simplex","Vriesea simplex","Bromeliaceae","zygomorphic"
"Acanthostachys strobilaceae","Acanthostachys strobilaceae","Bromeliaceae","actinomorphic"
"Aechmea lingulata","Aechmea lingulata","Bromeliaceae","actinomorphic"
"Tillandsia tenuifolia","Tillandsia tenuifolia","Bromeliaceae","actinomorphic"
"Aechmea araneosa","Aechmea araneosa","Bromeliaceae","zygomorphic"
"Aechmea bromeliifolia","Aechmea bromeliifolia","Bromeliaceae","zygomorphic"
"Maba","Diospyros","Ebenaceae","actinomorphic"
"Ardisia","Ardisia","Primulaceae","actinomorphic"
"Gynura","Gynura","Asteraceae","actinomorphic"
